nickName,cityName,score,content
È°ΩÁöÆÂÖîÂÆùÂÆù,ÊòÜÂ±±,4.0,‰∏ÄËà¨ÂêßÔºåÊ≤°Êúâ‰∫ÆÁÇπ
c123456xy,ÈáçÂ∫Ü,3.0,‰∏™‰∫∫ËßÇÁÇπÔºå‰∏çÊÄé‰πàÂ•ΩÁúã
dku300764173,Âçó‰∫¨,5.0,Â•ΩÁúãÁöÑÁîµÂΩ±‰∏çÈîô
fex954910431,Ê≥∞Â∑û,4.0,Ëøò‰∏çÈîôÂêßÔºåÁâπÊïàÂÅöÁöÑÂæàÂ•ΩÔºåÂ∞±ÊòØÊïÖ‰∫ãÁÆÄÂçï‰∫Ü‰∫õ
È••È•øÁöÑÊùé,Ê≤àÈò≥,5.0,ÊàëËßâÂæóÂæàÊ£íÊ£í
ËõÆÂÆâÂàÜ,ÈïøÊ≤ª,5.0,Â•ΩÂ•ΩÂ•ΩÂ•ΩÂ•ΩÂ•Ω
Á¥´ÂÆá868,Ë•øÂÆÅ,4.5,‰∏çÈîô‰∏çÈîô‰∏çÈîô
MR.35,Âåó‰∫¨,5.0,ÈùûÂ∏∏ÁöÑÊº´Â®ÅÔºå‰ºòÁßÄ
‰Ωï‰πê‰∏ç‰∏∫,Â§©Ê¥•,4.5,‰ª•‰∏∫ÊÄïÊÄïÂìíÔºåÁªìÊûúËêåËêåÂìí
ÈôåÊÆáÊ≤ì,ÈúûÊµ¶,5.0,Êå∫‰∏çÈîôÁöÑÔºåÂæàÂ•ΩÁúãÔºåÂéâÂÆ≥üëçÔºÅ
ÊàëÂæàÈöè‰æøÂï¶,ÊòÜÊòé,5.0,ÂæàÂ•ΩÁúãÁöÑÔºåÂè™ÊòØÊàëËøëËßÜË¶ÅÂ∏¶‰∏§ÂπÖÁúºÁùõ
Â∑¥Â∞îÁöÑÊë©„ÄÅ,ÈáçÂ∫Ü,5.0,‰∏çÈîô(*‡πì¬¥‚ï∞‚ïØ`‡πì)‚ô°
Èπ§Èπ§ÂëÄ‰πà‰πàÂìí,Áü≥ÂÆ∂Â∫Ñ,5.0,Ë∂ÖÁ∫ßÂ•ΩÁúãÁöÑ‰∏ÄÈÉ®ÁîµÂΩ±ÔºåÁ≠âÊâãÊú∫‰∏äÂèØ‰ª•Áúã‰∫ÜËøòË¶ÅÂÜçÁúã‰∏ÄÈÅç
Â∏åÂ∏åxixia,ÊµéÂçó,5.0,Êå∫Â•ΩÁúãÁöÑÔºåÂìàÂìàÂìàÂìà
‰∏ÄÊú™ÂÆåÂæÖÁª≠‰∏Ä,ÈïøÊ≤ô,4.5,ËøòË°åÂêß‚Ä¶‚Ä¶‚Ä¶
faR597995592,ÊàêÈÉΩ,4.5,ÂÄºÂæóÂéªÁúãÔºå‰∏çÈîô
missLÊ¢ÖÊ¢Ö,Ê†™Ê¥≤,5.0,ÂæàÂ•ΩÁúã„ÄÇ„ÄÇ„ÄÇ
Unfir9,Âë®Âè£,4.0,Ëøô‰πàÂ•ΩËØÑÁöÑÁîµÂΩ±ÂΩìÁÑ∂Ë¶ÅÂéªÁúãÁúã ÊØíÊ∂≤‰πüÂ§™ÂèØÁà±‰∫ÜÂêß Ë∂ÖÂñúÊ¨¢ ÂÖ∂ÂÆûÁúãÂâçÈù¢ÁöÑÊó∂ÂÄôÂÜÖÂøÉÊØ´Êó†Ê≥¢ÊæúÁîöËá≥ÊúâÁÇπÊÉ≥Áù°Ëßâ ‰ΩÜÊòØ‰∏≠Èó¥È´òÊΩÆÊù•‰∫ÜÂ∞±ÊâìËµ∑Á≤æÁ•ûÁúã ÁÆÄÁõ¥Ë¢´Âê∏ÂºïÂéª‰∫ÜÂ•ΩÂêó Â•ΩÁúã
PJTPTH,‰πåÈ≤ÅÊú®ÈΩê,4.0,‰∏çÈîôÊª°ÊÑèÂæàÂ•Ω
Â∞èÁÇíËÇâ66,ÂçóÊòå,4.0,ËøòÂèØ‰ª•ÂïäÂïäÂïä
chengjianqing,Êù≠Â∑û,5.0,Â•ΩÁúãÂ•ΩÁúãÂ•ΩÁúãÂ•ΩÁúãÂ•ΩÁúã
Êµ©,Ê∂üÊ∞¥,4.0,ËøòË°åÂêßÔºåËøò‰∏çÈîô
Èí¶20030603,Á¶èÂ∑û,5.0,Â•ΩÁúãÔºÅüòÄüòÄüòÄ
GfI210707691,Â§©Ê¥•,3.5,‰∏ÄËà¨ Ë∂ÖÁ∫ßËã±ÈõÑÂÆ°ÁæéÁñ≤Âä≥‰∫Ü
vsI385090315,Ê≠¶Ê±â,5.0,Â•ΩÁúãÔºåÂÄºÂæóÂéªÁúã„ÄÇÂ∑≤Áªè‰∫åÂà∑‰∫Ü
ËΩ¨Ë∫´Êå•Ââë,Ê±ïÂ§¥,5.0,‰∏çÈîôÔºÅÔºÅÔºÅÔºÅ
Detsusland,Ë•øÂÆâ,5.0,ËøòÂèØ‰ª•ÂêßÔºåÊØè‰∏™‰∫∫ÈÉΩÊÉ≥Êàê‰∏∫ÈáåÈù¢ÁöÑÁî∑‰∏ªÊã•ÊúâÊØíÊ∂≤‰∏ÄÊ†∑ÁöÑÂÆàÊä§ÔºÅ
wmymzg,Ëµ§Â≥∞,5.0,ÂêàËÇ•Â•ΩÂ§öÂ•ΩÂêÉËÆ©‰∏Ä‰∏™ÂèëÂèëÊ±ó
LyndonÔºålove,‰∏úËéû,4.5,ÂæàÈúáÊíºÔºåÂ∏åÊúõÊúâ‰∏ãÈÉ®
ÂæêÂÆÅXUN,Êù≠Â∑û,5.0,Êó†‰ª•‰º¶ÊØîÔºåÁ≤æÂΩ©
Cd‚Ä¢Cl,ÊäöÈ°∫,5.0,ÊàëÊòØÊå∫Áà±ÁúãÁöÑ
‰∫≤‰∫≤‰Ω†mua,ÂõõÂπ≥,4.5,ÊàëÂñúÊ¨¢„ÄÇÊØíÊ∂≤ÂæàÂèØÁà±Âìü
XÂÅö‰∫∫‰∏çËÉΩÂ§™È£ò,ÂåÖÂ§¥,5.0,‰∏çÈîô ÂæàÂ•ΩÁúãÁöÑ‰∏ÄÈÉ®ÁîµÂΩ±
zEI519461338,Ë•ÑÈò≥,5.0,ÁúüÁöÑ‰∏çÈîô  ÂÄºÂæó‰∏ÄÁúã
qLx541062620,Ê∑±Âú≥,5.0,Â•ΩÁúãÂ•ΩÁúãÂ•ΩÁúã
ÂêÉÁÇπ‰∏úË•øÂÜ∑Èùô‰∏Ä‰∏ã,ÂëºÂíåÊµ©Áâπ,5.0,ÊØíÊ∂≤Â∞èÂèØÁà±(‡πë‚Ä¢ . ‚Ä¢‡πë)
ÈôàËë£_,ÁôΩÈì∂,4.0,‰∏ÄË¥ØÁöÑÂ•ΩËé±ÂùûÂ§ßÂà∂‰Ωú„ÄÇ
ËÅ™ÂÖàÁîü¬∞,Áß¶ÁöáÂ≤õ,5.0,6666666666
ÈæôÁå´Â§ßÂÆù,‰πåÈ≤ÅÊú®ÈΩê,5.0,Áî∑ÁõÜÂèãËØ¥Â•ΩÁúã
RVx509371397,Ê∑±Âú≥,5.0,ÊØíÊ∂≤ÔºåÂ§™ÂèØÁà±‰∫Ü
Èõ®Ê≤´ËéâÁíá,ÂπøÂ∑û,5.0,ÊØíÊ∂≤ÊòØ‰∏Ä‰∏™ÂèØÂá∂ÂèØËêåÁöÑËßíËâ≤üôÇÔ∏è
Â∞èÁñØÂ≠êÂàòÂàòÂàò,ÈÉëÂ∑û,5.0,Ë∂ÖÁ∫ßÂ•ΩÁúãÔºÅÔºÅÔºÅÔºÅ
ÊàëÊòØËÉñÂ≠ê,Â§ßÂ∫Ü,5.0,Â•ΩÁúãÂ•ΩÁúãÂ•ΩÁúã
ÁéãËâ≥63341,ÊòÜÂ±±,5.0,Â•ΩÂ•ΩÁúãüòä 
Ê°ëÊ¨†,Ë•øÂÆÅ,4.5,ÊÑüËßâÂæàÊ£í Â§ßÂÆ∂ÈÉΩÂèØ‰ª•Êù•Áúã ËÉÜÂ∞èÁöÑÁÆó‰∫Ü
Jonson.Hecg,ÊàêÈÉΩ,4.5,ËøòÁúã‰∫ÜËøòÊòØÂæàÂñúÊ¨¢
ÊïÖÊàë‰æùÁÑ∂,Âê¥Â∑ù,5.0,"‰ªäÂ§©ÂÆ∂ÈáåÂàöÂàöÂ•ΩÂÅúÁîµÔºåÊâÄ‰ª•Êó†ËÅäÂá∫Êù•ÁúãÁîµÂΩ±„ÄÇ
Êàë‰πãÂâçÊòØÂÆåÂÖ®Ê≤°ÊúâÁúãËøáÊº´Â®ÅÁöÑÂè™ÊòØÁü•ÈÅìÊúâËøôÂõû‰∫ã
ËøôÈÉ®ÁîµÂΩ±ÁúüÁöÑÂæàÂ•ΩÔºåÂú®‰ΩìÈ™å‰∏äÁîµÂΩ±Èô¢ÈÄÅÁöÑ3DÁúºÈïúÁúãÂà∞ÂêéÈù¢ÊúâÁÇπÊ®°Á≥ä„ÄÇÊØíÊ∂≤ÂæàÊúâË∂£ÔºåÈÇ£‰∏™ÂüÉËø™‰πüÊòØ‰∏™ÊúâË∂£ÁöÑ‰∫∫„ÄÇÁúüÁöÑÊòØËøôÈÉ®ÁîµÂΩ±ÊÑüËßâÂæà‰∏çÈîô„ÄÇÊâìÊñóÁöÑÂú∫ÊôØ‰πüÊòØÂçÅÂàÜÁ≤æÂΩ©ÔºåÈÖç‰∏ä3DÁúºÈïúÁúüÁöÑÊääÊàëÂêì‰∏ÄË∑≥„ÄÇÊúÄÂêéÈÇ£‰∏™ÊùÇË¥ßÂ∫óÂì™Âú∫ÂØπÁôΩÁúüÁöÑÂ§™ÊúâË∂£‰∫ÜÔºåÁé∞Âú®‰º∞ËÆ°Â∑≤ÁªèÊòØÁΩëÁ∫¢Âõæ‰∫Ü„ÄÇ"
Â≠ôÂ∞èÊú®sg,Êù≠Â∑û,4.5,‰∏çÈîô‰∏çÈîô‰∏çÈîô‰∏çÈîô‰∏çÈîô
„ÅÉÓÄÉ July  „Å•,ÂπøÂ∑û,5.0,ÂÖ®Á®ãÂ•ΩÂô®ÊøÄÔºÅ
khx311960173,ÂïÜ‰∏ò,5.0,ÂæàÂ•ΩÁúãÁúüÁöÑÂ•ΩÁúãÂäõÊå∫
VoVÈòøÊòé,ÈÇ¢Âè∞,5.0,Â•ΩÁúãÂ•ΩÁúãÂ•ΩÁúãÂ•ΩÁúã
Á≤æÂàÜÁà±ÊÑè,Êù≠Â∑û,3.5,ÂæàÁÆÄÂçïÁöÑÈÄªËæë„ÄÇËßÜËßâ‰ªÄ‰πàÁöÑÊØîËæÉÁâõÈÄºÂêß
Èõ∑Áéã,ÊàêÈÉΩ,0.5,ÁúüÁöÑÂ§™‰∏ÄËà¨‰∫Ü ÔΩûÔΩûÔΩû
Ê∫êÊù•ËøôÊ†∑ËÆ≤,ÊøÆÈò≥,5.0,ËøòÊòØÊå∫Â•ΩÁöÑ„ÄÇ
ÂëÜÂ≠ê941201,ËéÜÁî∞,5.0,ËøòÂèØ‰ª•ÂêßÔºåÂèØ‰ª•Áúã
ËØ∂ÂìüÂñÇ‚Ä¶,ËØ∏Êö®,4.5,ËøòÂèØ‰ª•Âêß„ÄÇ„ÄÇ„ÄÇ„ÄÇ
yac28101277,ÁõêÂüé,5.0,Â•ΩÁúãÔºåÂ∞±ÊòØÊØíÊ∂≤ÈïøÂæó‰∏çÂ•ΩÁúã
XaH397568511,ÂÖãÊãâÁéõ‰æù,5.0,ÂæàÂ•ΩÁúã  ÁÉ≠Ë°ÄÂèàÂ∏¶‰∫õÊêûÁ¨ë   Âæà‰∏çÈîôÁöÑÁîµÂΩ±
ÊΩáÁ†îÔºÅ,ÊØïËäÇ,5.0,ÁâπÂà´Â•ΩÁúãÔºåÊúüÂæÖÁöÑÊÑüËßâÊ≤°ÊúâËêΩÁ©∫
BXr883519446,Â§™Âéü,4.5,ÈùûÂ∏∏ÂÄºÂæóÁúãÁöÑ‰∏ÄÈÉ®Â•ΩÁâáÔºåÂº∫ÁÉàÊé®Ëçêüëçüëçüëç
ËÆ∏Ê¥õ521,ÁõòÈî¶,5.0,ÊÑüËßâÊå∫Â•ΩÁúãÁöÑÔºåÊúÄËµ∑Á†ÅÁîµÂΩ±Á•®Ê≤°ÁôΩËä±ÔºåÁâπÂà´Âà∫ÊøÄ
WAU645382044,Â§ßËøû,5.0,Ë∂ÖÂ•ΩÁúãÔºåË∂ÖÁ∫ßÂ∏Ö
ChrisÂ§ß‰πñ,ÊÉ†Â∑û,3.0,6ÂàÜÔºåÁúüÁöÑ‰∏çËÉΩÂÜçÈ´ò‰∫Ü„ÄÇÂá†‰πéÊ≤°ÊúâÂâßÊÉÖ‚Ä¶
dWc898015925,ÊΩçÂùä,5.0,ÈùûÂ∏∏‰∏çÈîôÔºåÈ£ûËΩ¶ÁâπÊäÄÂä®‰Ωú‰∏çÂ∞ëÔºåËøòÂ∏¶ÁùÄ‰∫õËÆ∏ÂπΩÈªòÔºåÊØíÊ∂≤Â•ΩÂèØÁà±ÂëÄÔºÅ
Èí±ÈöÜÂÖ¨È¶Ü,ÈóΩ‰æØÂéø,5.0,ÈùûÂ∏∏Êª°ÊÑèÂ∫¶Âïä
WieIin,ÂçóÂÆÅ,4.5,ÊúüÂæÖ‰∏ã‰∏ÄÈÉ®‰ΩúÂìÅ
yAb504528717,‰∏äÊµ∑,5.0,"Â•ΩÁúã



Â•ΩÁúã"
WCq95237077,Â§ßÁü≥Ê°•,5.0,3dÊïàÊûúÂæàÂ•Ω
Wyo251957089,Êè≠Èò≥,5.0,Â•ΩÁúãÔºåÊå∫Âà∫ÊøÄÁöÑ
OJniking,ÊàêÈÉΩ,5.0,Á¨¨‰∫åÊ¨°Áúã„ÄÅÂ∏¶ÊàëÂßêÂßêÂì•Âì•
Nrn687660844,ÈÄöËæΩ,5.0,ÈùûÂ∏∏ÈùûÂ∏∏Â•ΩÁöÑ
Burt„ÄÇ üí™,Ê∏©Â∑û,5.0,"Ëøô‰∏™ÁîµÂΩ±Âà†ÂáèÂ§™Â§ö
"
LY20090801,Êµ∑Âè£,5.0,Â•ΩÂ•ΩÁúãÔºåÂñúÊ¨¢ÊØíÊ∂≤ÁöÑÂ£∞Èü≥ÔºåËøòÊÉ≥ÁúãÂá†ÈÅç
FOu747614739,ÊòÜÊòé,5.0,Ë∂ÖÁ∫ßË∂ÖÁ∫ßÂñúÊ¨¢
Ovv951224148,‰∏≠Â±±,4.0,Â•ΩÁúãÂ•ΩÂ•ΩÂ•ΩÂ•Ω
blB661292717,‰∏äÊµ∑,5.0,Êå∫Â•ΩÁúãÁöÑÔºåÈùûÂ∏∏ÂñúÊ¨¢
ÊùéÂ•áÊ†ã911,ÂëºÂíåÊµ©Áâπ,5.0,ÂèØ‰ª•Â•ΩÁúãÁöÑÂæóÂà∞
Âè§Ê≠£Áê¥,Ê±üÊ¥•,5.0,Â•ΩÁúãÂ•ΩÁúãÂ•ΩÁúã
‰º∂ÂÆá,Áß¶ÁöáÂ≤õ,5.0,ÂæàÂÄºÂæóÁúãÁöÑÁîµÂΩ±
zhengyutengteng,Ê∏©Â≤≠,2.5,‰∏çÊòØÂæàÂ•ΩÁöÑËßÇÊÑü ÂâßÊÉÖËßíËâ≤Â°ëÈÄ†Âä®Êú∫ÊÑü‰∫∫ ÁâπÊïà‰πüÊúâÁëïÁñµ ‰ΩÜÊòØÊ±§ËÄÅÊπøË∑üÊØíÊ∂≤ÁöÑ‰∫íÂä®ÊØîËæÉÊúâÊÑèÊÄù ÊÄé‰πàËØ¥Âë¢ Ë¶Å‰∏çÊòØÊ±§ËÄÅÂ∏à ÁúüÁöÑÂ∞±Âæà‰ΩéÂàÜ‰∫Ü
qAd118278820,ÈÉëÂ∑û,5.0,ÂæàÂ•ΩÁúãÔºåÂÄºÂæóÊé®Ëçê
Êµ∑ÂèØ‰πê0417,ÂÆùÈ∏°,5.0,ËøòÊòØÈùûÂ∏∏‰∏çÈîô Âú∞
luhao0604,‰∏úÈò≥,5.0,Â•ΩÁúãÔºåÈùûÂ∏∏Â•ΩÁúã
‰∫∫Êª°‰∏∫ÊÇ£,ËöåÂü†,5.0,ÂΩ±ÁâáËøòÊÄ™Â•ΩÁúãÊù•Ôºå‰∏çÂ≠¨ÔºåÂ∞±ÊòØÈáåÈù¢ÊÄ™ÂÖΩÈïøÂæóÊúâÁÇπ‰∏ëËÄÅ
AJH578340769,Âëº‰º¶Ë¥ùÂ∞î,5.0,Â•ΩÁúã Ë∂ÖÁ∫ßÂ•ΩÁúã ÁªùÂØπÊé®Ëçê
NFn644201991,Ê≠¶Ê±â,4.5,ÂæàÂ•ΩÔºå‰ª•ÂêéÈöæÂæóÊúâÁªèÂÖ∏ÁöÑÊº´Â®ÅÂ§ßÁâáÂá∫Êù•‰∫Ü
yMj606580714,ÂºÄÂπ≥,5.0,Â•ΩÁúãÔºåÁàÜÁ±≥Ëä±Â±ûÊÄß
‰º∂‰øú,Ê≤àÈò≥,4.5,ÊÄª‰ΩìÊÑüËßâËøôÊòØ‰∏ÄÈÉ®ÈùûÂ∏∏‰∏çÈîôÁöÑÁîµÂΩ±‚Ä¶Áõ∏ÂΩìÊ£í‰∫ÜÔºÅÁúãÂÆå‰ª•ÂêéÊÄªÊúâ‰∏ÄÁßçÊÑèÁäπÊú™Â∞ΩÁöÑÊÑüËßâÔºÅ
Á∫ØÁÖûÈ£éÂ∞ë,Êµ∑‰∏ú,5.0,Ê£íÊ£íÔºå‰∏ãÊ¨°ÂèØ‰ª•ÂÜçÁ∫¶‰∏ÄÊ≥¢
Â§èÊó•Ê¥õ,È©¨ÈûçÂ±±,5.0,Êå∫Â•ΩÁöÑÔºå‰∏çÈîô
ÂêõÈùíÂ¢®,ÈªîË•øÂçó,4.5,66666666666
ÁªçÂÑøHONEY,ÁªçÂÖ¥,5.0,Â•ΩÁúãÁúãÁúãÁúãÁúãÁúãÁúãÁúãÁúãÁúãÁúãÁúãÁúãÁúãÁúã
ÂÖ∞Áé•ÂÑø,ÊàêÈÉΩ,5.0,ÂæàÈÖ∑ÔºåÂñúÊ¨¢ËøôÁßçÂÜÖÂûãÁöÑÁîµÂΩ±
longyi915,ÈÉëÂ∑û,2.0,‰∏ÄËà¨ÔºåÂâßÊÉÖÁîüÁ°¨
weJ922192768,ÊµéÂçó,5.0,Â•ΩÁúãÔºåÂÑøÂ≠êÂñúÊ¨¢ÁßëÂπªÁîµÂΩ±
Â∞èÂëÜÂëÜjie,Âåó‰∫¨,4.0,ËøòË°åÂêßÔºå‰∏ÄËà¨Ëà¨
BeK568871488,ÊÉ†Â∑û,5.0,ÂæàÂñúÊ¨¢ÁúãËøôÁßçÁ±ªÂûãÁöÑÁîµÂΩ±ÔºåÊøÄÂä®
Ëøô.‚Ä¶‚Ä¶,ÂπøÂÖÉ,5.0,ËøòÊòØÂèØ‰ª•ÁöÑÂòõ
Â∞õËæÇÂêñ,ÊµéÂçó,5.0,‚ô°‚ô°‚ô°‚ô°‚ô°‚ô°‚ô°
üïäQuent√≠n_ March14,ÈáçÂ∫Ü,4.5,ËøòÂèØ‰ª• 4DÊÑüËßâ‰∏çÈîô ËøòËÉΩÁúãËÄÅÁà∑Â≠êÊúÄÂêé‰∏ÄÈù¢
szz18119428891,ÂÖ∞Â∑û,5.0,Â•ΩÂ•ΩÂ•ΩÂ•ΩÂ•ΩÂ•ΩÁúãÁúãÁúãÁúãÁúãÁúã
Ê¥ªÊ≥ºÁöÑÊ®±Ê°É,‰∏¥Ê≤Ç,5.0,Â•ΩÁúã(ÔΩ°ÔΩ•œâÔΩ•ÔΩ°)Ôæâ‚ô°
Èö±ÂßìÊ¶∏Ê¥∫,ÈÉëÂ∑û,4.5,Â•ΩÁúãÔºåÁîµÂΩ±Èô¢ÊïàÊûúÂ∞±ÊòØÂ•Ω!
ÁÅ¨ÊÅíÁÅ¨,ÈáçÂ∫Ü,3.5,Â§™‰ªì‰øÉÔºåÂâßÊÉÖ„ÄÇ
iMy502026177,ÊÉ†Â∑û,5.0,Ë∂ÖÁ∫ßÂ•ΩÁúãÔºÅÂèØ‰ª•Áúã‰∏Ä‰∏ã
Ê¢ÅÊª°Êô∫,ÊòÜÊòé,5.0,‰∏™‰∫∫Ëã±ÈõÑ‰∏ª‰πâ„ÄÇ
ÂçÅ‰∏á‰∏™ÂëµÂëµ541,‰∏äËî°,5.0,Â•ΩÁúãÔºåÊØíÊ∂≤ÁúüËêå
Âîê‰Ω≥‰Ω≥wgy,ÈªîË•øÂçó,5.0,‰∏çÈîôÔºå‰∏§‰∏™‰∫∫ÂéªÁúãÁöÑÔºåÂæàÂ•Ω
adj449213956,ÂìàÂ∞îÊª®,5.0,ÂïäÂïäÂïäÂïäÂïäÂïäÂïäÂïäÂïäÂïäÂïä
Ê∏ÖÊâ¨,ÊàêÈÉΩ,4.5,üëçüëçüëç
eig968689843,ÈìÅÂ≤≠,5.0,Â•ΩÁúãÂ•ΩÁúãÂ•ΩÁúã
Èò≥ÂÖâÈáåÁöÑÊ∏©Êöñ,ËíôÈò¥,5.0,Â•ΩÁúãÂ•ΩÁúãÂ•ΩÁúã
Èúû,ÂÆúÂÆæ,4.5,ËêåÁøª‰∫ÜËÄå‰∏îÂæàÈÖ∑ÁöÑ
GXY920,ÊãâËê®,4.5,Êº´Â®ÅÁ≥ªÔºåÊÄª‰Ωì‰∏çÈîô„ÄÇ
ÂçïË∫´„ÄÅÂ≠§ÂÇ≤ÁùÄ,ÈöÜÊòåÂ∏Ç,4.5,Ê≤°ÊÉ≥Ë±°‰∏≠ÁöÑÂ•Ω
‰∫åÁãóÂ≠êPP,Â∑¢Êπñ,4.5,Êï≤ÂñúÊ¨¢ÊØíÊ∂≤ÔºåÈÖ∑Â∏ÖËêå
Avengers,‰ø°ÂÆú,5.0,Â•ΩÁúãÔºåÊØíÊ∂≤ÂêäÁÇ∏Â§©
SBO796328516,‰∏≠Áâü,5.0,‰∏çÈîô‰∏çÈîôÂïäÂïä
ÊáÇ‰Ω†442,Ê∑±Âú≥,5.0,ÂæàÊª°ÊÑèÔºå‰∏ãÊ¨°ÂÜçÂéª
BR02,ÂπøÂ∑û,4.0,Âú®ÊàëÁúãÊù•ÔºåÊàë‰ª¨ÂèØ‰ª•‰∏∫ÊâÄÊ¨≤‰∏∫ÂïäÔΩû^O^
AOx632933473,ÊàêÈÉΩ,5.0,"Â•ΩÁúãÔºÅÔºÅÔºÅÔºÅÔºÅÔºÅÔºÅÔºÅÔºÅ
ÔºÅÔºÅÔºÅÔºÅÔºÅÔºÅ"
Ê¢¶ÈáåËä±ÂºÄ,ÈÅµ‰πâ,4.0,Ëøò‰∏çÈîô ‰∏ÄÂ¶ÇÊó¢ÂæÄÁöÑÈ£éÊ†º
Qaz629901101,Âçó‰∫¨,5.0,Ë∂ÖÁ∫ßÂ•ΩÁúãÁöÑ‰∏ÄÈÉ®ÁîµÂΩ±
TxZ234474553,ÊòÜÊòé,4.5,Êå∫‰∏çÈîôÔºåÂÄºÂæó‰∏ÄÁúãÁöÑ‰∏ÄÈÉ®ÁîµÂΩ±
NVw365373809,ÂëºÂíåÊµ©Áâπ,5.0,ÊÑèÊÉ≥‰∏çÂà∞ÁöÑÊ¢ó
ÈÜâÊ¢¶Â§≠Â§≠,ÂØåÈò≥,3.5,Ëøò‰ª•‰∏∫ÂæàÂèØÊÄïÔºåÁªìÊûúÂæàÊêûÁ¨ë
zzhÂ∞èÂÜ∞,‰∏úËéû,5.0,ËØ¥ÂÆÉ‰∏çÂ•ΩÁöÑÊàëÈÉΩÊÉ≥ÂéªÊãºÂëΩÔºÅ
aÂ∞èÂæ∑Â≠ê,Ê±üÈó®,5.0,ËøòÂèØ‰ª•ÔºÅËøô‰∏™
fIM65696871,Â®ÅÊµ∑,5.0,ÈùûÂ∏∏Á≤æÂΩ©ÔºåÂÖ®Á®ãÊó†Â∞øÁÇπ
wnd13739871517,ÂîêÂ±±,5.0,ÂæàÂ•ΩÁúãÔºåÂñúÊ¨¢ÁúãÁîµÂΩ±
ÁúÅÈïøË∑≥Ê•ºÂñäÂä†Ê≤π,Âæ∑Ê∏Ö,4.0,ËøòË°åÔºåÊØî‰∏≠ÂõΩÁâáÂ•Ω
‰∏ÄÂè∂Â≠§Ëàü,ÈáçÂ∫Ü,4.5,ËøôÊòØÊúÄÂêéÁöÑÁªèÂÖ∏ÔºåÊÉ≥Ë±°ÂäõÂà∞Ê≠§ÁªìÊùü„ÄÇ
zMw87824844,Áâ°‰∏πÊ±ü,5.0,Â•ΩÂÉèËøòÊúâÁ¨¨‰∫åÂ≠£ÂêßÔºåËøòÊÉ≥ÁúãÔºÅÔºÅÔºÅ
Áà±ÂêÉÊ¶¥Ëé≤ÁöÑËèáÂáâ,‰πåÈ≤ÅÊú®ÈΩê,5.0,ÁâπÂà´Â•ΩÁúã ÈùûÂ∏∏Â•ΩÁúã Ë∂ÖÁ∫ßÂ•ΩÁúãÁöÑ
wng649502098,Á¶èÊ∏Ö,4.0,1111111
Á≠±Á≠±Á≠±Â∞èÂ∞è,Ê¢ÖÊ≤≥Âè£,3.5,ËøòÂ•ΩÂêßÔºå‰º†ÁªüÊ¨ßÁæéÁîµÂΩ±Â•óË∑Ø
qYO967525941,ÈïøÊ≤ô,4.0,Ê≤°ÁúãËøáÂéüËëóÊº´ÁîªÔºåÂçïÁúãÁîµÂΩ±ËøòÊòØÊå∫Â•ΩÁé©ÁöÑ
TAO0922,ËøêÂüé,5.0,‰∏çÈîôÔºåÂÄºÂæóÊé®Ëçê
Zzw481978941,ÊúîÂ∑û,5.0,‰∏Ä‰ºöÁù°ËßâÂ§ßÂÆùË¥ùÂ§öÂñùÈÖíÈòøËÉ∂
ÂêÉË¥ß‰πüË¢´Âç†Áî®,ÈûçÂ±±,5.0,‰∏ÄËà¨Âêß Ê≤°ÈÄæÊúüÁöÑÂ•ΩÁúã
SxL542059641,Ë°¢Â∑û,4.5,Ëøò‰∏çÈîôÔºåÂ∞±ËøôÊ†∑Âêß
Âø´‰πêÂìàÂìàÂ§ßÁ¨ë,Âåó‰∫¨,5.0,Â•ΩÁúãÂ•ΩÁúã‚Ä¶ÁúüÂ•ΩÁúã
‰∏®ÊòåÂÆù‰∏∂Âìí,ÈªîË•øÂçó,5.0,ÊØíÊ∂≤ËøôÈÉ®ÁîµÂΩ±ÊÑüËßâÊå∫Â•ΩÁöÑÔºåÊòØÊº´Â®ÅÂÆö‰πãÂêéÁöÑÁÑ∂ÂêéÂÖ∂‰∏≠‰πüË°®Áé∞‰∫Ü‰∏≠ÂõΩÁöÑÂÖÉÁ¥†ÔºåÊàë‰∏çÁü•ÈÅìËøôÊòØÊïÖÊÑèÁöÑËøòÊòØÊúâÊÑèÁöÑÔºåÂèçÊ≠£ÊàëËßâÂæóÊå∫Â•ΩÁúãÁöÑÔºå‰ΩÜÊòØËßÜËßâ‰∏äËøòÊòØÊúâÁÇπÂÜ≤ÂáªÁöÑÔºåÊúâÁÇπËÉÜÂ∞èÁöÑÔºåÁ¨¨‰∏ÄÊ¨°ÁúãÂà∞ÂèØËÉΩÊúâÁÇπÂèØÊÄïÔºå‰ΩÜÁúãÂ§ö‰∫Ü‰πãÂêéÂèçËÄåËßâÂæóÊå∫Â•ΩÁé©ÁöÑÔºåÂÖ∂ÂÆûÊØíÊ∂≤ÊúÄÊó©Âú®ËúòËõõ‰æ†ÂíåËöÅ‰∫∫Ë∫´‰∏äÂ•ΩÂÉèÂ∞±Êúâ‰ΩìÁé∞ÔºåÂΩìÁÑ∂ÊàëÂàöÊâçËØ¥ÁöÑÊúâ‰ΩìÁé∞ËøôÂè•ËØùÂÖ∂ÂÆûÊòØÊàëÁúã‰∫ÜÂà´‰∫∫ÁöÑËØÑËÆ∫ÔºåË∞¢Ë∞¢„ÄÇ
ÊüöÂ≠ê861213,ËÆ∏Êòå,4.5,ÊâìÂèëÊó∂Èó¥ËøòÊòØ‰∏çÈîôÁöÑÈ¶ñÈÄâ
Ëé´ÂõûÈ¶ñ0008,Êü≥Â∑û,4.0,ÁúãÁâπÊäÄÔºåÂÖ∏ÂûãÁöÑÁæéÂõΩÁàÜÁ±≥Ëä±Áâá
Aev464265407,ÈïøÊ≤ô,5.0,ÂæàÂ•ΩÁúãÔºåÂæàÊêûÁ¨ë
Èõ™ËàûÂ§èÂ§ú,Ê¥õÈò≥,4.5,Â•ΩÁúãÔºåÊúüÂæÖÁª≠ÈõÜ
ÊûóÊµ∑Á∫¢ÂÜõ,ÈùñÊ±ü,5.0,ÂâçÈù¢ÁöÑÈì∫Âû´ÊúâÁÇπÈïøÔºåÊÄª‰πãÊúâ‰∫ÜÊº´Â®ÅÁöÑÊñ∞ËßíËâ≤‰∫ÜÔºÅ
‰∏ÄË®Ä‰∏çÂêàÂ∞±ÂºÄÁÇÆ,Âè∞Â∑û,5.0,ÂæàÂ•ΩÁúãÔºåÂæàÊ£í
ËúúÊ°îr,ÂçóÈò≥,5.0,ËÄÅÁà∑Â≠êÊ≠ª‰∫ÜÔºåÁïô‰∏ã‰∫ÜËøô‰πàÂ§öÂ•ΩÁâáÂ≠êÔºåÂçÅÂàÜÈÉΩ‰∏çËßâÂæóÂ§ö
ÁæéÊ¥≤ËÇ•Áâõ,‰∏äÊµ∑,5.0,Ê≤°ÊÉ≥Âà∞ÊòØ13+ÔºåÂà∞Â∫ïÂà†ÂáèÊ≤°Ôºü
IKq646485852,‰∏âÊ≤≥,5.0,Â•ΩÁúãÁöÑ‰∏çË¶Å‰∏çË¶ÅÁöÑ
IIW292129086,ÈÅÇÂÆÅ,4.5,Áúã‰∫Ü‰∫åÊ¨°„ÄÇ‰∏çÊôìÂæóÂ•Ω‰∏çÂ•ΩÁúã
zNp478599563,Èì∂Â∑ù,4.5,ÁîµÂΩ±ÂÄºÂæó‰∏ÄÁúãÔºÅÊÉÖËäÇÂê∏Âºï‰∫∫
Kikyo,ÈïøÊ≤ª,4.5,Âà∫ÊøÄÂìü ÊØíÊ∂≤ÂíåÂüÉËø™Ëøô‰∏™Êê≠Ê°£Âæàperfect
Â∞èÂ∞èÂ∞èÊôì‰∫Æ,Êõ≤Èùñ,3.5,ÔºåÔºåÔºåÔºåÔºåÔºåÔºå
Â∞èÂ®ú,Â§©Ê¥•,4.5,ÈùûÂ∏∏ÈúáÊíºÔºåÁîªÈù¢ÂæàÊ£íÔºåÁîµÂΩ±ÁâπÊïàÂà∂‰ΩúÁ≤æËâØ
Èò°Èò°Â∞èÈõØ,ÂæêÂ∑û,4.0,Â•ΩÂ•ΩÂ•ΩÂ•ΩÂ•ΩÂ•ΩÔºåÁúü‰∏çÈîô„ÄÇ
ÁßÄÈÄó638,Áù¢ÂÆÅ,5.0,„ÄÇ„ÄÇ„ÄÇ„ÄÇ„ÄÇ„ÄÇ
Ê∏°silenceÂøòÂ∑ù,‰∏¥ÊΩº,5.0,ÈùûÂ∏∏Â•∂ÊÄù~ÈªëÊöóËã±ÈõÑÁ≥ªÂàó~
lqkk840227,‰∏äÊµ∑,3.5,ÁàÜÁ±≥Ëä±‰πüËøòË°å
kcB815311270,ËãèÂ∑û,5.0,‰∏ªË¶ÅÊòØÂâßÊÉÖ‰∏çÂ§™ËØ¶ÁªÜ
‰∏∂ÊâìÂåÖ‰∏ÄÁ¢óÂêÉ‰∏ÄÁ¢ó,Ê¥õÈò≥,4.5,ÊØíÊ∂≤‰∏ÄÂè£Âí¨ÊéâÁÅ≠Èú∏ÁöÑÂ§¥„ÄÇ
Â•ΩÂ•ΩÂêÉÈ•≠‚Ä¶‚Ä¶‚Ä¶,ÂπøÂ∑û,3.5,‰∏ÄËà¨Ëà¨ÔºåÊúÄËøëÊ≤°Êúâ‰ªÄ‰πàÂ•ΩÁúãÁöÑÁâáÂ≠ê
Uqv492327527,ÁªµÈò≥,4.0,ÂêéÈù¢ËøòÊå∫ÊêûÁ¨ëÁöÑÔºåÂ•ΩÁúã
ÊñπÂúìÂπæË£°,ÂÆÅËøúÂéø,3.0,ËøòÂèØ‰ª•ÔºåÊïÖ‰∫ãÁöÑÊúâÁÇπÊó†ÂéòÂ§¥Ëøô‰∏™ÈúÄË¶ÅÊîπËøõ
Ë∞ÅÁü•Áõò‰∏≠È§ê191,‰Ω≥Êú®ÊñØ,5.0,ËøòÂèØ‰ª•ÂêßÔºåÂåÖÂú∫‰∫Ü
ocj164608895,ËäúÊπñ,5.0,ÈùûÂ∏∏‰∏çÈîôÁöÑ‰∏Ä‰∏™ÁâáÂ≠ê
ZÁî∑ÊúãÂèãÂïä,ÂçÅÂ†∞,5.0,perfect
sq0ÈÖ±Ê≤π,ÂïÜ‰∏ò,5.0,ÊòØ‰∏ÄÈÉ®ÂæàÂ•ΩÔºåÂÄºÂæóËßÇÁúãÁöÑÁîµÂΩ±
opr724105667,ÂêâÊûó,5.0,ÂæàÂ•ΩÁúãÔºåÂÆåÁæé
Áø©Áø©ËøáÂçóÊµ¶,ÈïøÊò•,4.0,ÊØíÊ∂≤Á°ÆÂÆûÂæàÂèØÁà±ÂæàÂÇ≤Â®áÔºåÂ§ßÊ¶ÇÊòØÂà´‰∫∫ÊääÂÆÉÂêπÊçßËøáÈ´òÔºåËàÜËÆ∫‰∏ÄËæπÂÄíÂÄíÊ≤°ÊúâÊõ¥Êñ∞Â•áÁöÑÊÑüÂèó‰∫Ü
Áæé‰∏ΩÂøÉÊÉÖ838,Áè†Êµ∑,4.0,ËøòÂèØ‰ª•ÔºÅËøòÂèØ‰ª•ËøòÂèØ‰ª•ÔºÅËøòÂèØ‰ª•ËøòÂèØ‰ª•ÔºÅËøòÂèØ‰ª•
Wyg957379557,ÈÉëÂ∑û,5.0,Â•ΩÁúãÂ•ΩÁúãÂ•ΩÁúã
Ëé´ÊñØ00,Áß¶ÁöáÂ≤õ,5.0,ÂøÉÊÉÖÁâπÂà´Â•ΩÔºåÊÑø‰∏ÄÁõ¥ÁæéÂ•Ω‰∏ãÂéª
bnC691405103,ÂÖãÊãâÁéõ‰æù,5.0,Â•ΩÁúãÔºåÈùûÂ∏∏ÂñúÊ¨¢
Èîã0819,ÂìàÂ∞îÊª®,5.0,Âèà‰∏Ä‰∏™Êº´Â®ÅËã±ÈõÑËØûÁîü‰∫Ü
Fjo324765975,ËèèÊ≥Ω,5.0,Ë∂ÖËµûÁöÑ‰∏ÄÈÉ®ÁîµÂΩ±
‰ºäÂá°2000,ÂêâÊûó,4.5,"ËôΩÁÑ∂ÊØíÊ∂≤ÊòØÊº´Â®ÅÁîµÂΩ±ÈáåÊúÄlowÁöÑËßíËâ≤
‰ΩÜÊòØËøòÊòØÊúâÁÇπÊÑèÊÄùÁöÑ
ÂØπ‰∫é‰∏ªËßíÁöÑÂêêÂ≠ó‰∏çÊ∏ÖÊô∞ÊúâÁÇπÂ§ßËàåÂ§¥ÁöÑÂè£Êù°‰∏çÊï¢ÊÅ≠Áª¥ ÊºîÊäÄ‰πüÂ∞±ÈÇ£Ê†∑Âêß
ÂâßÊÉÖÂâçÈù¢ÊúâÁÇπÊãñÊãâ ‰∏≠Èó¥Èù†ÂêéËøòÂèØ‰ª•
ÊúÄÂêéÁöÑÁªìÂ∞æÊúâÁÇπÊÑèÂ§ñ
ËøòÊúâÊúÄÂêéÊòØÊúâÂΩ©ËõãÂì¶"
ÈªëÁ±≥Á≤•,Ê±üÊ≤π,4.0,ÂÉè‰ºó‰∫∫ËØ¥ÁöÑÈÇ£ÁßçÔºå'ÂñúÊ¨¢ÊØíÊ∂≤üòÇ
aeL318078305,ÊΩ¢Â∑ùÂéø,5.0,ÈùûÂ∏∏Â•ΩÁúã ÁúãÁîµÂΩ±ÈÉΩÊòØÂéªË•ø‰∫ö
Êòìhahah,ÊôÆÂÆÅ,5.0,ÂæàÂ•ΩÁúã Áõ¥ËßÇÂà∫ÊøÄ
ÈáéÊÄß.ÊÄ™,Êó†Èî°,5.0,„ÄÇ„ÄÇ„ÄÇ„ÄÇ„ÄÇ„ÄÇ„ÄÇ
wersbw,ÈªÑÁü≥,4.0,ËøòÂèØ‰ª•ÔºåÁâáÂ≠êËøòËõÆÂ•ΩÁúãÁöÑÔºåËõÆÂà∫ÊøÄÁöÑ„ÄÇ
.„ÅÜ„Çì,ÂëºÂíåÊµ©Áâπ,4.5,Â•ΩÁúãÔºÅÔºÅÔºÅÔºÅÔºÅÔºÅ
Jrl207112733,ÊàêÈÉΩ,5.0,Â•ΩÂ•ΩÁúãÔºåÊØíÊ∂≤Ë∂ÖÂèØÁà±ÔºåÂìàÂìàÂìàÂìàÂìà
maurice_wang1,‰∏úËéû,5.0,Êñ∞ÂàõÊÑèÔºå‰∏çÈîô
Ë≤åÊáø,ÂçóÊòå,4.5,ËøòÂèØ‰ª•ÔºåÂÄºÂæó‰∏ÄÁúã„ÄÇ
ÂàÄÈÉé2Âè∑,Ê∑±Âú≥,4.0,Â•ΩËé±ÂùûÁöÑÁâπÊïàÂ§ßÁâá
bubbleÊ¢¶,Ê±üÈò¥,5.0,Ë∂ÖÁ∫ßÂ•ΩÁúãÔºåÂîØ‰∏ÄÁöÑÔºåÂ∏åÊúõÊØíÊ∂≤ËÉΩÂéªÊï¥‰∏Ä‰∏ãÁâôÈΩøÔºåË∞¢Ë∞¢
‡∏Ö,Âåó‰∫¨,5.0,Á¨¨ÂÖ≠ÈÅçÁúã‰∫ÜÔºåÁàΩÂïä
beV684480939,ÈáçÂ∫Ü,3.5,‰∏ÄËà¨Ëà¨ÂêßÔºåÂâßÊÉÖÊØîËæÉËÄÅÂ•ó
JLG269515772,Âí∏ÂÆÅ,5.0,ÊØíÊ∂≤ÁúüÁöÑÂèØÁà±
liaiguo2010,ÈïáÊ±ü,4.5,‰∏çÈîôÔºåÂæàÁ≤æÂΩ©
Yasin0377,Ê∑ÑÂçö,5.0,ÂÆåÁæéÁöÑÁªìÂ±ÄÂÆåÁæéÁöÑËøáÊ∏° ‰∏ÄÊÆµÊïÖ‰∫ãÂÆåÁæéÁöÑÁªìÊùü
IgA521649806,ÂπøÂ∑û,5.0,ÊúâÁÇπ‰πêË∂£ÔºÅÔºÅÔºÅ
ÁéãÊùëÂê¥ÂΩ¶Á•ñ,ÂçöÂ±±,5.0,Â•ΩÁúãÈùûÂ∏∏Â•ΩÁúã
lID781398750,ÂÖ∞Â∑û,5.0,ËßÜËßâÊïàÊûúÂæàÂ•ΩÔºÅ
JOJOÂíØÂíØ,ÊàêÈÉΩ,3.0,‰∏ÄËà¨ÔºåÔºåÔºåÔºå
jOX810375600,ÂìàÂ∞îÊª®,5.0,ÊàëÊòØÊÑüËßâËøò‰∏çÈîô
Iqd300867835,Áù¢ÂÆÅ,5.0,‰∏™‰∫∫ÊÑüËßâÂæàÂ•ΩÁúãÂì¶
samara,Ê∑±Âú≥,4.0,Èòî‰ª• ÊºîÊäÄ ÁâπÊïàÂùáÂú®Á∫ø
Á≥ñÈõ™ÂÑø,ÂπøÂ∑û,4.5,Â∑Æ‰∏çÂ§öÔºåËøòÂèØ‰ª•
ÂøòËÆ∞Ëá™Â∑±Áà±‰∏ä‰Ω†,Âí∏ÂÆÅ,5.0,ÈùûÂ∏∏Â•ΩÁúãÔºå3dÁîªÈù¢ËßÜËßâÊïàÊûú‰∏çÈîôÂæàÈÄºÁúü„ÄÇÊº´Â®ÅÂØºÊºîÁöÑÁ≥ªÂàóÁîµÂΩ±ÈÉΩÂ•ΩÁúã„ÄÇ
Ëé´ÈóÆK,ÂπøÂ∑û,5.0,Â•ΩÁúãÂ•ΩÁúãÂ•ΩÁúã
FIX670640957,Â§©Ê¥•,4.5,ÔºÅÔºÅÔºÅÔºÅÔºÅÔºÅ
ÂØπÊñπÊ≠£Âú®ËæìÂÖ•,Â§ßÂ∫Ü,4.5,Êó∂Èó¥Â§™Áü≠‰∫Ü ÊúâÁÇπÊÑèÁäπÊú™Â∞Ω„ÄÇÂΩ±Áâá‰∏çÈîôÁöÑ„ÄÇÂÄºÂæó‰∏ÄÁúã
Lisbeth9,Â§©Ê¥•,4.0,ÊÑüËßâÊØíÊ∂≤Êå∫ÈÄóÁöÑÔºåÊÑüËßâ‰πüÁÆó‰∏ç‰∏ä*‰∏ùÈÄÜË¢≠ÔºåÊØïÁ´üÊúâÂÆûÂäõÂú®ÔºåÂè™‰∏çËøáÊòØ‰∏ÄÊó∂ÁöÑ‰ΩéË∞∑ÁΩ¢‰∫Ü„ÄÇÊï¥‰∏™ÂâßÊÉÖ‰∏ãÊù•ËøòÊòØÊµÅÁïÖÁöÑÔºåÂèà‰∏ÄÊ¨°ÁúãËßÅÊñØÂù¶ÊùéÁªôÂÆ¢‰∏≤ÔºåÊúâÁÇπÂ∞èÊøÄÂä®„ÄÇÊÑüËßâÊØíÊ∂≤ÂèØ‰ª•ÂêëË¥±Ë¥±ÁöÑÊñπÂêëÂèëÂ±ï‰∫ÜÔºåÂè™‰∏çËøáÊòØÈó∑È™öÁöÑË¥±Ë¥±„ÄÇ
Âº†ÂèØÁà±zpp,‰∫≥Â∑û,4.0,ÔºÅÔºÅÔºÅÔºÅÔºÅÔºÅÔºÅ
Âô™Âä®ÂêßÔºåÈ™öÂπ¥,‰∏äÊµ∑,5.0,ÁâπÊïàÊÑüÂçÅË∂≥ÔºåÊâìÊñóÂú∫ÊôØÁï•Â∞ëÔºåÂâßÊÉÖÂêàÁêÜ
cindy,ÂπøÂ∑û,5.0,‰∏çÈîô‰∏çÈîô...
ËìùÊ±êz,‰ºäÊò•,5.0,ÂæàÂ•ΩÁúãÔºåÂñúÊ¨¢Ëøô‰∏™ÁîµÂΩ±ÔºåÁîµÂΩ±Èô¢ÈùûÂ∏∏Âπ≤ÂáÄ„ÄÇ
Cqm877875468,Ê≤àÈò≥,4.5,ÂæàÂ•ΩÁúãÔºåÂπΩÈªòÂèàÂà∫ÊøÄÔºåË∂äÊù•Ë∂äÂñúÊ¨¢Êº´Â®ÅÁöÑÁîµÂΩ±‰∫Ü
KXN984241608,ÊàêÈÉΩ,4.5,ÂâßÊÉÖËøòÁÆóÊØîËæÉÁ¥ßÂáëÂêßÔºåÂ∞±ÊòØÊÑüËßâÂ∞ë‰∫ÜÁÇπ‰∏úË•øÔºåÂ∫îËØ•ÊòØÂà†ÂáèËøá„ÄÇ
FlamencoV,ÂêâÊûó,4.5,Ê≤°ÊúâÊÉ≥Ë±°‰∏≠ÈÇ£‰πàÂ•Ω
hQn931125246,ÊàêÈÉΩ,5.0,Êå∫Â•ΩÁöÑÔºåÊ±™Ê±™Ê±™
fGU483706156,ÂåóÊµ∑,5.0,ÊïÖ‰∫ãÁÆÄÂçïÔºåÂú∫Èù¢Âä≤ÁàÜ!
STc94545159,ÊàêÈÉΩ,3.5,"ÁâπÊïà‰∏çÈîô
ÂâßÊÉÖÂèØ‰ª•"
Mob533929617,‰∏≠Ê±üÂéø,5.0,‰∏çÈîô‰∏çÈîô‰∏çÈîô
CAo457394646,Á¶èÂ∑û,5.0,Ëøô‰∏™ÊØíÊ∂≤ÊúâÁÇπÂèØÁà±
Hsn919935927,Âº†ÂÆ∂Ê∏Ø,5.0,Ë∂ÖÂà∫ÊøÄÔºåË∂ÖÁ∫ßÊ£í„ÄÇ
ÊúÄÁà±Âº†Â§ßÊòéÊª¥ËÉúÂà©,ËæΩÈò≥,5.0,‰∏çÈîô ÂæàÂñúÊ¨¢
ALIANÂíø,ÈÉëÂ∑û,4.5,‰∏Ä‰∏™ÊòüÊúüÊ≤°ÊúâÊó∂Èó¥ËßÇÂøµÈÉΩÊ≤°ÊúâÈóÆÈ¢òÔºüÊàë‰ª¨ÁöÑ‰∫∫ÁîüÂì≤ÁêÜÊïÖ‰∫ãÊÉÖËäÇÁöÑÂèëÂ±ïÂíåÈù¢‰∏çÂêåüçµÔºüËøôÁßçÂêßÔºü‰Ω†ËØ¥‰∫Ü‰∏çË¶ÅÂÆ¢Ê∞îÂú∞Êää‰Ω†Ëá™Â∑±ÊêûÂ•ΩÔΩû
Ê∏ÖÊ¨¢Áõ∏‰º¥714,ÁÑ¶‰Ωú,3.5,ÊÑüËßâÈÄªËæëÊúâÈóÆÈ¢òÔºåÂè™ÊòØÁâπÊïàÁöÑËØùÂæàÂ•Ω
bMZ631582602,Èì∂Â∑ù,3.0,ÊâìÊñóÁöÑ‰∏çÂ§üÂä≤
ÊÄªÊúâÂàÅÊ∞ëÊÉ≥ÂÆ≥Êúï,Âé¶Èó®,4.5,‰∏çÈîôÔºÅÔºÅÔºÅÔºÅ
cy156xx,ÂπøÂ∑û,3.5,ËØÑÂàÜÂ∫îËØ•Âú®7-8ÂàÜÔºåÂâßÊÉÖÈÄªËæëÊÄß‰∏ç‰∏•Ë∞®ÔºåÊØíÊ∂≤Ëé´ÂêçÂÖ∂Â¶ôÂ∞±ËΩ¨ÂèòËßÇÂøµË¶Å‰øùÊä§Âú∞ÁêÉÔºüËÉúÂú®ÁÇ´ÈÖ∑ÁöÑÁâπÊïàÔºåÂÖ∏ÂûãÁöÑÂ•ΩËé±ÂùûÁàÜÁ±≥Ëä±ÁîµÂΩ±„ÄÇ
ciX472549954,‰πêÂ±±,2.0,ÊääÊØíÊ∂≤ÊãçÊàê‰∫Ü‰∏ÄÁßçËÉΩÂäõËÄå‰∏çÊòØ‰∏™‰Ωì„ÄÇ
ddt671438359,Âåó‰∫¨,4.5,ËøòÂèØ‰ª•ÔºÅÔºÅÔºÅÔºÅ
fLl874291716,ÂòâÂÖ¥,5.0,ÂæàÂ•ΩÁúãÔºåÂæà‰∏çÈîô„ÄÇ
ÊùéÈïøÂÖ®Ê≠¶ËÉú,ÂπøÂÆâ,4.5,ËøòÂèØ‰ª•ÂêßÔºåÂâßÊÉÖÁ¥ßÂáëËÄå‰∏î‰πüÊØîËæÉÊêûÁ¨ë
Â≠îÂÆèËææ,Â∑©‰πâ,5.0,ÂæàÂ•ΩÁúãÔºåÂíåÂ•≥ÂèãÁöÑÂàùÊ¨°Á∫¶‰ºöÔºåÂ•πÂºÄÂøÉÔºåÊàëÂ∞±ÂæàÂºÄÂøÉ
JOu687885686,Ëá™Ë¥°,5.0,ÂæàÂ•ΩÁúãÂÄºÂæóÊé®Ëçê
tqm390953347,ÊàêÈÉΩ,3.5,ËøôÈÉ®ÂΩ±Áâá‰∏ÄËà¨Ëà¨
TRauoi,ÂáØÈáå,4.0,Êó∂Èó¥Â§™Áü≠ÔºåÊ≤°ÁúãÂ§ßÁâáÂæ∑ÊÑüËßâ‚Ä¶‚Ä¶
Ê¢ÅÂ∏àÈπè,Ê∑±Âú≥,4.0,‰∏çÈîôÁöÑÔºåÊå∫Â•ΩÁúã
sunshineÊùéÂ∞èÁê¥,Â≤≥Èò≥,4.5,Â•ΩÁúãÂïäÔºåÁâπÂà´ÊòØË°ó‰∏äÈÇ£ÊÆµÁúüÈÖ∑
zsy2485778771,Âçó‰∫¨,5.0,‰∏çÊòØÂ§™Ë°åÔºåÊúâÁöÑÂú∞ÊñπËõÆÊÑü‰∫∫ÁöÑÔºå‰ΩÜÊòØ‰∏çÊòØÂæàÂ•ΩÁúã
È•ÆÈÖíÈÜâ,ÈïøÊ≤ô,5.0,ÁúüÂøÉ‰∏çÈîôÔºåÂÄºÂæó‰∏ÄÁúã
Êú®Â≠êÊ†¥Ê™Ä„ÄÇ,Âçó‰∫¨,5.0,Â•ΩÁúãÂïäÂïäÂïäÂïäÂïäÂïäÂïäÂïä
ÂøòËÆ∞ÂëºÂê∏ÁöÑÈ±º0227,Âçó‰∫¨,5.0,ÂæàÂ•ΩÁúãÔºåÊº´Â®ÅÂá∫ÂìÅÔºåÂøÖ‰∏çÊòØÂá°ÂìÅ
vEw171788245,Â¥áÂ∑¶,3.0,ÂâçÈù¢ÈÉ®ÂàÜËøá‰∫éÂπ≥Ê∑°ÔºåÊÉÖËäÇÈì∫Âû´Â§™Èïø
osY625548349,ÊàêÈÉΩ,4.5,Â•ΩÁúãÔºÅÂÖ®ÂÆ∂‰∏ÄËµ∑Áúã‰∫ÜÔºå‰∏çÈîô
doÂêßÂï¶Â∞èËâ≥Â≠ê,Âæ∑Èò≥,4.5,Â•ΩÁúãÂ•ΩÁúãÔºåÊØîÈ¢ÑÊúüÁöÑÊúâË∂£ÔºåÂìàÂìà
ÊÑ§ÊÄíÁöÑËÇñÂ§ßÁà∑,ÂÆâÈò≥,4.5,Â•ΩÁúãÔºåÂ•ΩÁúãÔºåÂ•ΩÁúã
Áé©ÁæéÂç∞Ë±°-‰∏¥Ê±æÂ∫ó-‰∏äÁâåÂØºÂ∏à-ÂÜØÂßóÂ©∑,‰∏äÊµ∑,5.0,Êå∫Â•ΩÁúãÁöÑÔºåÁé©Áæé
Ê¢¶Áê≥ÂÑø0687,‰øùÂÆö,5.0,Â•ΩÁúãÂ•ΩÁúãÂ•ΩÁúãÂ•ΩÁúãÂ•ΩÁúã
ÂçÅ‰∫åÂ∞ë,‰ΩõÂ±±,4.5,ÂâßÊÉÖÁ¥ßÂáëÔºåÁâπÊäÄÁ≤æÂΩ©ÔºåÂÄºÂæóËßÇ
Frank164,Â≤≥Èò≥,4.5,‰∏çÈîôÔºåÊé®ËçêÔºåÂÄºÂæó‰∏ÄÁúã„ÄÇ
ailitaozi,ËøêÂüé,5.0,‰∏çÈîôüòä‰∏çÈîôÁ£®Á£®ÂîßÂîß
binglang35,Êº≥Â∑û,5.0,ÁîµÂΩ±Â•ΩÁúãÔºåÂÖâÂΩ±ÂèàËßÅÁöÑÁéØÂ¢É‰æùÊóßÈÇ£‰πàÂ•ΩÔºåËøòÊòØËøô‰πàÂñúÊ¨¢ÔºåÂêÉÁöÑ‰πü‰∏çÈîôÂìàÂìà
MYk575429972,ÈáçÂ∫Ü,5.0,ÂõΩÂ§ñÁöÑÂΩ±ÁâáÂ∞±ÊòØ‰∏çÈîô
aa1815003393,Ë•øÂÆâ,5.0,Ëøò‰∏çÈîôÂì¶ÔºåÊúâÁÇπÊêûÁ¨ë‰πüÊúâÁÇπÊÑüÂä®ÔºåÂñúÊ¨¢ËøôÈÉ®ÁîµÂΩ±„ÄÇÊúüÂæÖÁ¨¨‰∫åÈÉ®
OhMykids,Êñ∞ÈÉë,4.5,45585535453
ÂçÉ‰ªã-,ÂçóÂÆÅ,5.0,ÈùûÂ∏∏ÁöÑÂ•ΩÁúãÂì¶
Â≠§Áã¨‰ºö‰∏äÁòæ,ÈæôÊ∏∏,4.5,‰∏çÈîôÔºåÂæàdeiÂä≤
hPE797024193,ÂçóÈò≥,5.0,Ë∂ÖÁ∫ßËøáÁòæË∂ÖÁ∫ßÂà∫ÊøÄÔºåÂÄºÂæó‰∏ÄÁúãÁöÑÂΩ±ÁâáÔºÅ
NwQ998036073,ÂçóÊòå,5.0,Â•ΩÁúãÔºåÂà∫ÊøÄÔºÅÔºÅ
nAy382335923,ÈáçÂ∫Ü,4.0,ËøòË°åÔºåÂ∞±ÊòØÈÇ£‰∏™ÊØíÊ∂≤ÊúâÁÇπÊÅ∂ÂøÉÔºåÂØπ‰∫éÊàëÊù•ËØ¥
dlcÈÉ≠Áùø,Â§ßËøû,5.0,ÁâπÂà´Â•ΩÁúãÔºåÊàëÁöÑÊñ∞ÊôãÁî∑Á•ûÊØíÊ∂≤
szhk88,Ê∑±Âú≥,4.0,ÊúâÁÇπÊÅ∂ÂøÉÔºå‰πüËõÆÊêûÁ¨ëÁöÑÔºåÂèØ‰ª•Áúã
esV914574927,‰∏úËéû,4.5,ÈùûÂ∏∏Â•ΩÁúã  ÊØíÊ∂≤Â§™Â•Ω‰∫Ü
msp894515661,Ê≠¶Ê±â,1.0,ÂèØËÉΩÊòØÂîØ‰∏ÄËÉΩÂíåÈªëË±πÂπ∂ÂàóÁöÑË∂ÖÁÉÇÁöÑË∂ÖÁ∫ßËã±ÈõÑÁîµÂΩ±Âêß
taobao895069559,Ê±âÈò¥,2.5,‰∏™‰∫∫ËßâÂæóÊ≤°Âï•ÊÑèÊÄù
üê≥Jonnyüê¨,Ë•øÂÆâ,4.0,ÁâπÊïàÁ°ÆÂÆû‰∏çÈîôÔºåÊâìÊñó‰πüËøòÁ≤æÂΩ©ÔºåÂ∞±ÊòØÊÑüËßâÊúâ‰∫õÂú∞ÊñπÊ≤°ÊúâËß£ÈáäÂæóÈÇ£‰πàÊ∏ÖÊ•ö
xGY407027347,ÈÉëÂ∑û,5.0,Â•ΩÁúã(ÔΩ°ÔΩ•œâÔΩ•ÔΩ°)Ôæâ‚ô°
KYV225370908,ÈïøÊò•,5.0,Â•ΩÁúãÂ•ΩÁúãÂ•ΩÁúãÔºÅ
Êöñ‰∫∫ÂøÉÂ∞èÂ§™Èò≥ÂëÄ,È°πÂüé,5.0,ÊúüÂæÖÁ¨¨‰∫åÈÉ®ÔºÅ
YuJ348828454,Êü≥Â∑û,5.0,ÂæàÂ•ΩÁúãÔºåÂÄºÂæóËßÇÁúã
Swr293530067,Ê±üÈò¥,5.0,ÈùûÂ∏∏‰∏çÈîôÔºåÂæàÂñúÊ¨¢ÔºåÂñúÂâßgayÊÉÖÂ§ßÁâá
Ëä∏ÂÖ¥ÈúûËîö,Â§©Ê¥•,5.0,Â•ΩÁúãÂóØÂóØÂóØÂóØ
ÁÆÄÂçïÁà±1233,‰∏úËéû,4.5,‰∏çÈîôÔºåËøòË°åÔºåÂπΩÈªòÊêûÁ¨ë Ê≤°ÊúâÊÉ≥Ë±°‰∏≠ÁöÑÈÇ£‰πàÊÅêÊÉßÔºå
cXa867746774,Â®ÅÊµ∑,5.0,‰∏çÈîôÈùûÂ∏∏Â•ΩÁúã
eeR365907672,‰ΩõÂ±±,4.0,ËøòÂèØ‰ª•ÔºåËøëÊúüÈó¥ÁÆóÂ•ΩÁöÑÁîµÂΩ±‰∫Ü
Arm780254610,ÂëºÂíåÊµ©Áâπ,5.0,666666
‰ΩïË∂ÖËÅ™,Êµ∑Âè£,5.0,ÈùûÂ∏∏ÂñúÊ¨¢ÔºÅÔºÅÔºÅ
nightmare13,ÂåóÊµ∑,4.5,ÊâÄÊúâÈÉΩÂæàÂ•Ω  Â∞±ÊòØÂΩ±Èô¢Â§™ÊÅ∂ÂøÉ‰∫Ü  ÂàöÂºÄÂßãÊîæÁöÑÊó∂ÂÄô ‰∏çÂÖ≥ÁÅØ  Ë¶ÅÂà´‰∫∫Êèê‰∫Ü ÊâçÂÖ≥  ÁâáÂ∞æÁöÑÊó∂ÂÄô Áõ¥Êé•ÊääÁîµÂΩ±ÂÖ≥‰∫Ü Âè™Áïô‰∫ÜÂ£∞Èü≥ Â∑ÆËØÑÂ∑ÆËØÑÂ∑ÆËØÑÂ∑ÆËØÑÂ∑ÆËØÑÂ∑ÆËØÑÂ∑ÆËØÑÂ∑ÆËØÑÂ∑ÆËØÑÂ∑ÆËØÑÂ∑ÆËØÑÂ∑ÆËØÑÂ∑ÆËØÑÂ∑ÆËØÑÂ∑ÆËØÑÂ∑ÆËØÑ
ËÉñËôé,‰∏äÊµ∑,4.5,ÂæàËµû ÁúãÁöÑÂæàËøáÁòæ ÊØíÊ∂≤ËêåËêåÂìí
Â¶æÊú¨ÊÉäËèØ,Èïø‰πê,5.0,ÂâçÈù¢ÂÆûÈ™åÂÆ§ÊúâÁÇπÊÄïÊÄïÁöÑÔºåÂêéÈù¢ÊØíÊ∂≤ËÆ≤ËØùËêåËêåÂìíÂæàÂ•ΩÁ¨ëüòÑüòÑ
ÔºÅÔºÅÔºÅ,ÂçóÊòå,5.0,ÂèØ‰ª•ÂèØ‰ª•ÂèØ‰ª•
ÊÄùÊó†ÈÇ™,ÂçóÂÖÖ,5.0,ÊØíÊ∂≤ÁúüÁöÑË∂ÖÁ∫ßÂèØÁà±ÂïäÔºÅ
Â∏ÉÊãâÂÖã‰ºØÂæ∑,È©¨ÈûçÂ±±,4.0,ÂóØÔºåÂ§ßÁâáÔºåÂóØÂóØÂóØ
Carina99999,Ê≠¶Ê±â,5.0,Âæà‰∏çÈîôÔºåÊØíÊ∂≤ÂèØËêå‰∫Ü
aPs165499108,ÊòÜÊòé,4.0,Â•ΩÁúãÔºåÂº∫ÁÉàÊé®Ëçê
Fuu528310026,Ë•øÂèåÁâàÁ∫≥,4.0,ÂâßÊÉÖ‰∏çÂ§çÊùÇÔºåÁâπÊïàÈùûÂ∏∏Â•ΩÔºåÊØíÊ∂≤ËΩ¨ÂèòÊÄÅÂ∫¶ÂíåÊÉ≥Ê≥ïÈÇ£ÈáåÈì∫Âû´Â∞ë‰∫ÜÁÇπÔºåÂÖ∂‰ªñÈÉΩÂæà‰∏çÈîô„ÄÇ
Âπ∏ËøêÂ•≥Â≠©,Ê°ÇÊûó,4.0,‰∏çÈîô‰∏çÈîô ÈùûÂ∏∏Â•ΩÁúã
VLF316216737,‰∏äÊµ∑,2.0,„ÄÇ„ÄÇ„ÄÇ„ÄÇ„ÄÇ„ÄÇ
clshiwo789,Â∏∏Â∑û,4.0,ÊïàÊûú‰∏çÈîô  ÊöóÈªëÁ≥ªÁöÑËã±ÈõÑ
ÂàòÊ¢¶ÁÑ∂ll,Âåó‰∫¨,5.0,Âêó„ÄÇ„ÄÇ„ÄÇ„ÄÇ„ÄÇ
ÂÜ∞Èúú‰πãÊòü,Â∏∏ÁÜü,4.5,Êº´Â®ÅÁ≥ªÂàóÊòØÁúüÁöÑ‰∏çÈîôÂìà
zOm782309652,Â≤≥Èò≥,4.0,ÁâπÊïàÊòØÊ≤°ÁöÑËØ¥Â∏åÊúõÊÉÖÊÑüËÉΩÁúãÁöÑÂÜç‰∏∞ÂØå‰∏ÄÁÇπÔºÅ
ÂçñÂú∞Èõ∑ÁöÑÂ∞èÂßêÂßê.,Âº†ÂÆ∂Ê∏Ø,4.5,Âæà‰∏çÈîô.....
hah841594206,ÈÉØÂüé,4.5,ÁîµÂΩ±ÂæàÂ•ΩÁúãÔºåÁéØÂ¢É‰πüÊå∫Â•ΩÁöÑÔºå‰∫∫‰∏çÂ§öÊÑüËßâËøò‰∏çÈîô„ÄÇÂîØ‰∏Ä‰∏ÄÁÇπ‰∏çÂñúÊ¨¢ÁöÑÂ∞±ÊòØËøô‰∏™3DÁúºÈïúÔºåÁ´üÁÑ∂Ê≤°ÊúâÂ§πÁâáÁöÑÔºåÊàë‰∏Ä‰∏™ËøëËßÜÁúºÔºåÊú¨Êù•Â∞±Êà¥ÁùÄÂâØËøëËßÜÁúºÈïúÔºåËøòÂæóÂÜçÂ∏¶‰∏ÄÂâØ3DÁúºÈïúÔºåÁúãÁîµÂΩ±ÁöÑÊó∂ÂÄôÂÖ®Á®ãÈÉΩÂú®Áî®ÊâãÊâ∂ÁùÄÁúºÈïúÔºåÁúüÁöÑÊòØÂ§™‰∏çÊñπ‰æø‰∫Ü„ÄÇËôΩÁÑ∂Âà´ÁöÑÈÉΩÂæàÂ•ΩÔºå‰ΩÜÊòØÂ∞±Ëøô‰∏ÄÁÇπÔºå‰ª•ÂêéÈÉΩ‰∏ç‰ºöÂéªËøôÂÆ∂ÁúãÁîµÂΩ±‰∫Ü„ÄÇ
‰πêÂ±±‰πêÊ∞¥‰πê‰∫∫,Êñ∞‰π°,5.0,ÂâçÈù¢ÊÅêÊÄñÂêéÈù¢ÊêûÁ¨ë
Âàò‰∏âÂ¶π,ÂåóÁ¢ö,5.0,Á¨¨‰∏ÄÊ¨°Êù•‰∏áËææÁúãÁîµÂΩ±ÔºåÈùûÂ∏∏Â•ΩÁúãÔºåÂ∏åÊúõÊàë‰ª¨‰∏≠ÂõΩÁöÑÁîµÂΩ±‰πüË∂äÊù•Ë∂äÂ•Ω
ÁÅ¨Radish,ÂìàÂ∞îÊª®,5.0,ÁàΩÊ≠™Ê≠™ .......  .
Áè†Êµ∑xiaoying,Áè†Êµ∑,5.0,Â•ΩÂêß  Ëøô‰∏™ÁîµÂΩ±Â∫îËØ•ÂçïÁ∫ØÂΩìÂÅöÂ®±‰πêÁâáÊù•Áúã ‰∏çËÉΩÊãø‰∏Ä‰∏™ÁîµÂΩ±‰∫∫ÁöÑËßíÂ∫¶Êù•ÁúãÂæÖ
hST181099204,Ê≠¶Ê±â,5.0,ÂæàÂ•ΩÁúã  ÊâìÊñóÂú∫Èù¢Âà∫ÊøÄ
Mike0o,Ë•ÑÈò≥,5.0,ËøòÂèØ‰ª•ÔºåÂ∞±ÊòØÊâìÊàèÂ§™Áü≠‰∫ÜÁúã‰∏çËøáÁòæ
xwÈõ™Áª¥,ËèèÊ≥Ω,5.0,ÂæàÂ•ΩÁúãÔºåÂÄºÂæóÊé®Ëçê
Ëé¥ËπÑ,‰πâ‰πå,5.0,ÂâßÊÉÖÊúâÁÇπÁ¥ßÂáë
Qmh675254253,Âº†ÂÆ∂Áïå,5.0,Êå∫Â•ΩÁúãÁöÑÔºåÂÄºÂæóËßÇÂΩ±„ÄÇ
ÂøΩËÄå‰ªäÂ§è171,Â®ÅÊµ∑,5.0,Êàë‰ª•‰∏∫ÊàëÁúãÁöÑ‰∏çÊòØÂèçËã±ÈõÑÈ¢òÊùêÁîµÂΩ±ÔºåÊàëÁúãÁöÑÂ§ßÊ¶ÇÊòØÈú∏ÈÅìÂÖ±ÁîüÊÄªË£ÅÁà±‰∏äÊàëÁöÑÊàèÁ†ÅÂêß‚Ä¶‚Ä¶üòÇüòÇ
ÂÖâËæâÂêâ‰ªñ,ÂçóÊòå,0.5,‰∏ÄËà¨Ëà¨ÂâßÊÉÖÔºåËÄÅÂ•ó
È¢ÑÁ∫¶‰Ω†ÁöÑÊú™Êù•,Êï¶Âåñ,4.0,Êå∫ÂπΩÈªòÁöÑÔºåÁâπÊïà‰πü‰∏çÈîô
air_quan,Áè†Êµ∑,5.0,Êº´Â®ÅÁöÑËã±ÈõÑËøòÊòØÂæóÊº´Â®ÅÊù•ÊãçÊâçË°å
Â∞èÂ∞èÂî†CC,‰∏úËéû,5.0,ËøòÂèØ‰ª•ÔºåÊ≤°ÁúãËøáÂèØ‰ª•Áúã‰∏Ä‰∏ã„ÄÇ
Â§úÁ©∫‰∏≠ÊúÄ‰∫ÆÁöÑÊòüry,ÈÉëÂ∑û,5.0,Âæà‰∏çÈîôÁöÑ‰∏ÄÈÉ®ÁîµÂΩ±
ÊÖ¢Âä®‰ΩúÁöÑ‰∫ë,Â§™Âéü,3.0,Ê†áÂáÜÁæéÂºèÁàÜÁ±≥Ëä±ÁîµÂΩ±ÔºåÊïÖ‰∫ãÂíåÈÄªËæëÊØîËæÉÂçïËñÑÔºåÈÄÇÂêàÊ∂àÁ£®Êó∂Èó¥ÔºåÊØíÊ∂≤ÂèçÂ∑ÆËêåÔºåÊúâÊÇ¨ÁñëÊÉäÊÇöÊàêÂàÜÔºå‰ΩÜÊòØÂÆåÂÖ®‰∏çÂêì‰∫∫
ËêåÂ∞èÂ∞èÁê¶,ÁÑ¶‰Ωú,5.0,Â•ΩÁúã ÊØíÊ∂≤ÂæàÂèØÁà±Âïä
Ëã•Áßã909,Â≤≥Èò≥,5.0,Â•ΩÁúãÂ•ΩÁúãË∂ÖÁ∫ßÂ•ΩÁúã
kwx649280273,ÂπøÂ∑û,5.0,Â•ΩÁúãÂ•ΩÁúãÂ•ΩÁúã
XyH955078217,ÈÄöËæΩ,5.0,Â•ΩÁúã„ÄÇ„ÄÇ„ÄÇ„ÄÇ„ÄÇ„ÄÇ„ÄÇ„ÄÇ„ÄÇ
ÊÉÖËØù‰∏éÁãó¬∞,Ê¥õÈò≥,4.0,Ê≤°ÁúãÂÆå Ëøò‰∏çÈîôÂêß
Moon.Jasper,‰∏äÊµ∑,5.0,ÊØíÊ∂≤‰πüÂ§™ÂèØÁà±‰∫ÜÂêßÂìàÂìàÂìàÊúüÂæÖ‰∏ã‰∏ÄÈÉ®
FGP15966688995,Âåó‰∫¨,5.0,Â•ΩÁúãÔºåÊ≠£‰πâÁöÑÊØíÊ∂≤„ÄÇ
ÂäâÈØ®,ÊøÆÈò≥,5.0,ÊØíÊ∂≤ÂæàÂèØÁà±ÔºåÂ•àÊñØüòé
ÂêÉË¥ßyf12,Âçó‰∫¨,5.0,‰∏çÈîôÔºåÊå∫Â•ΩÁúãÁöÑ
‡πë Â∞ëÂ•≥ÂøÉ ‡πë,ÈïøÊò•,5.0,ÂÆåÁæé~ÊØíÊ∂≤ÁúüÂ∏Ö
Á¨ëÁúãÁ∫¢È¢úÂøÉ‰∏çËÄÅ,Ê†™Ê¥≤,4.0,ÂÖâÊ£çËäÇ‰∏Ä‰∏™‰∫∫ÂéªÁúãÁöÑÔºåÊÑüËßâËøòÂèØ‰ª•Âêß
ËãèÂ§ßËÆ°ÁÆóÊú∫,ËãèÂ∑û,5.0,ÈùûÂ∏∏Â•ΩÔºåÈùûÂ∏∏Â•ΩÔºåÈùûÂ∏∏Â•Ω
üéà,ÂçóÂÖÖ,4.5,Ë∂ÖÂ•ΩÁúãÁöÑÔºåÈùûÂ∏∏Â•àÊñØ
laziobl,‰∏äÊµ∑,4.5,ÊÄª‰ΩìÊù•ËØ¥ÂæàÂ•ΩÁúãÔºåÂú∫Èù¢Âà∫ÊøÄÔºåÊïÖ‰∫ãÊñ∞È¢ñÔºåÂ•ΩÁúã
ÂòüÊª¥ÂòüÂìî,ÊàêÈÉΩ,5.0,Áúã3DÂ±ÖÁÑ∂Ê≤°ÊãøÁúºÈïúÂ∞±ÁúãÂÆå‰∫Ü
Qqx336705797,ÈûçÂ±±,5.0,ÂóØÂ•ΩÁúãÊêûÁ¨ëÂóØ
Ë¥∫‰∏ΩËéé,Ë•ÑÈò≥,4.5,Ëøò‰∏çÈîôÔºåÊâçÂºÄÂßãËøòÊõøÁî∑‰∏ªÊãÖÂøßÔºåÂà∞ÂêéÊù•ÊâçÂèëÁé∞ÊòØÊ≠£ËÉΩÈáèÊª°Êª°ÁöÑÂ§ßÁâá
miN195894274,‰ΩõÂ±±,5.0,Â§™ÁªùÁªùË∑ØÁâπÁªù‰∫§ÁöÑÈ¢ùÁªù‰∫§È¢ùÁï•Áï•Áï•ÈòøÁëüas
cTV381009173,ÈïáÊ±ü,5.0,‰∏™‰∫∫ËßâÂæóÂæàÂ•ΩÁúã
ËµµÂì•333,Â≠ùÊÑü,4.5,ËøòÂ•ΩÂ•ΩËøòËøòÂ•Ω
Â∞èÈ≥ÑÈ±ºÁà±‰∏äÈïøÈ¢àÈπø,ÂºÄÂ∞Å,4.0,ÊØíÊ∂≤Â•ΩÊÅ∂ÂøÉÂëÄÔºåÂèØÊòØÁî∑ÊúãÂèãËßâÂæóÂèØÁà±üò¢Ôºå‰º∞ËÆ°ÊØè‰∏™Áî∑ÁîüÈÉΩÊúâ‰∏Ä‰∏™Ëã±ÈõÑÊ¢¶„ÄÇ
fVm556710811,Êµ∑Âè£,3.0,ÊîØ‰ªòÂÆùüí∞È°∂ÊêúÁ¥¢587382883ÈÄÅÂ§ßÁ∫¢ÂåÖ‰∫ÜÔºåÊúÄÈ´ò99ÂÖÉÔºåÊàë‰ª¨ÊòØËÆ§ÁúüÁöÑ
ËôöÊÉÖÂÅáÊÑèÊÆãÈÖ∑‰∫∫Áîü,Ê≤àÈò≥,5.0,Â•ΩÁúãÔºåÂ§™Â•ΩÁúã‰∫Ü
nothingmz,ÊµéÂçó,5.0,ËøòÂèØ‰ª•ÔºåÁîµÂΩ±Ëøò‰∏çÈîô„ÄÇÂñúÊ¨¢ÊØíÊ∂≤ ÂæàÂèØÁà±„ÄÇÂ∞±ÊòØÂ∫ßÊ§ÖËÄÅÊòØÂñ∑ÊàëÂ§¥„ÄÇ
È≤çÁëæËê±521,ÂçöÁΩóÂéø,5.0,Â•ΩÁúã     Êå∫‰∏çÈîôÁöÑ
ÂäõÊåΩÁãÇÁØÆtt,ÂπøÂ∑û,4.5,Êå∫ÊêûÁ¨ëÁöÑÔºÅÔºÅÔºÅ
Âçé‰∏ΩÁöÑÊåëÊàò24,Êü≥Â∑û,5.0,ËøòÊÉ≥Áúã‰∏ÄÈÅç„ÄÇ„ÄÇ„ÄÇ„ÄÇ„ÄÇ„ÄÇ
bXm919972824,Ê≠¶Ê±â,5.0,‰∏Ä‰∏™‰∫∫‰∏ìÂú∫ÁîµÂΩ±ÂïäÔºå‰∫öË¥∏ÁôæËÄÅÊ±áÂΩ±ÂüéÊúçÂä°ÁúüÂøÉÂ•ΩÔºåËßÇÂΩ±ÊïàÊûú‰πü‰∏çÈîôÔºåÊØíÊ∂≤ÊòØ‰∏™Â∞èÂèØÁà±ÔºåÂæàÊ≠£‰πâÔºåÂæàÂñúÊ¨¢ÔºåËôΩÁÑ∂ÈïøÂæóÊúâÁÇπÂêì‰∫∫‰ΩÜÊòØ‰πüÊòØÂú∞ÁêÉÁöÑÂÆàÊä§ËÄÖÔºåÊâ¨ÂñÑÈô§ÊÅ∂Ôºå‰ºöÁªßÁª≠ÊîØÊåÅÊº´Â®ÅÂíåÁ¥¢Â∞º„ÄÇ
ZJMcrystal,ÂëºÂíåÊµ©Áâπ,3.0,‰∏ÄËà¨Ëà¨ÂêßÔºå‰∏çËßâÂæóÊúâ‰ªÄ‰πàÂøÉÊÑè
kuku‰ΩêÂç°‰ºä,Ë•øÂÆâ,5.0,ÂæàÂ•ΩÁúãÂïäÔºåÊúÄËøëÊ≤°‰ªÄ‰πàÂ•ΩÁúãÁöÑÔºå‰πãÂâçÁúãÊúãÂèãÂúàÊääËøô‰∏™Âà∑ÁöÑÊå∫ÁÅ´ÔºåÂ∞±ÂéªÁúã‰∫Ü„ÄÇÁæéÂõΩÁöÑÁîµÂΩ±Â§ßÁâáÂ∞±ÊòØ‰∏ç‰∏ÄÊ†∑Ôºå‰∏çÁÆ°ÊòØÁâπÊïàÔºåËøòÊòØ‰∫∫Áâ©ÊÑüÊÉÖÔºåÂä®‰ΩúÔºåÈÉΩÈùûÂ∏∏Á≤æÂΩ©Ôºå‰ª•Ââç‰∏ÄÁúãÁîµÂΩ±Â∞±ÁäØÂõ∞ÔºåËøô‰∏™‰ªéÂ§¥ÁúãÂà∞Â∞æËøòÂõûÂë≥Êó†Á©∑ÁöÑÔºåÁúüÁöÑÊå∫Â•ΩÂïäÔºåÊ≤°ÊúâËæúË¥üÊàë‰ª¨ÁöÑÊúüÊúõ
ÊÇ†Ê∏∏‰∫ëÊ∞¥Èó¥,ÈÉëÂ∑û,4.5,ÈùûÂ∏∏ÂÄºÂæó‰∏ÄÁúã
Áà±Èáå.,‰πâ‰πå,5.0,Â•ΩÁúãÂ•ΩÁúãÂ•ΩÁúã
ËæπËçí,‰∏äÈ•∂,3.0,‰∏ÄËà¨Ëà¨ ÂÖ∏ÂûãÁöÑÂ•ΩËé±ÂùûÁâá 
ÂòéÂòé‰∏áÂ≤Å,ÂåÖÂ§¥,5.0,ÂæàÂ•ΩÁúã  ÁâπÂà´Â•Ω
ÊôÆÂÆÖÁå´,ÈùíÂ∑û,4.0,ÂâßÊÉÖÊúâÁÇπÊêûÂïäÔºå‰ª•‰∏∫Ë¶ÅÂ§ßÊàò‰∏ÄÂú∫ÁöÑÊúÄÁªàÂç¥Êàê‰∫ÜÊêûÁ¨ëÁâá„ÄÇ
‰ΩôÁîüÁöÑ‰ΩôÁîü,Ëµ§Â≥∞,5.0,ËôΩÁÑ∂ËøüÂà∞‰∫ÜÂçÅÂàÜÈíüÊ≤°ÁúãÂà∞ÂºÄÂ§¥  ‰ΩÜÊòØ‰πüÂæàÊ£í Ëé´ÂêçËßâÂæóÊØíÊ∂≤ÊúâÁÇπÂèØÁà±skr ÂìàÂìàÂìàÂìàÂìàÂìàÂìà
dwx2012,Èì∂Â∑ù,5.0,Â•ΩÁúãÔºå‰∏çÈîôÔºåÈúáÊíº
jedicat,ÂêâÊûó,2.0,Êé•ËøëÂèäÊ†ºÁöÑÁàÜÁ±≥Ëä±Ë∂ÖËã±ÁîµÂΩ±~ÂØÑÁîüÂÖΩË¶ÅÊòØÊúâËøôÁßçÊäïËµÑÂíåÂà∂‰ΩúËØ•Â§öÂ•ΩÂïä~
gSL333051768,‰∏úËê•,4.5,ÂæàÂ•ΩÁúãÔºåÂ∞±ÊòØÊÑüËßâÂ∞ë‰∫ÜÁÇπËÆ©‰∫∫Ê∑±ÊÄùÁöÑÊïÖ‰∫ãÊÉÖËäÇ„ÄÇÁâπÊïàË∂ÖÊ£íÔºå‰∫∫Áâ©ÂΩ¢Ë±°Â°ëÈÄ†‰πüÂæàÊúâ‰ª£ÂÖ•ÊÑü„ÄÇÊØíÊ∂≤ËÆ≤ËØùÂíåË°®ÊÉÖËêåË¥±ËêåË¥±ÁöÑ„ÄÇÁ¨¨‰∏ÄÁúºÁúãÁöÑÊó∂ÂÄôËßâÂæóÂ•ΩÊÅêÊÄñÂïäÔºåÂ•ΩÊÅ∂ÂøÉÂïäÂêÉÂ§¥„ÄÇÂêéÊù•Ë∂äÁúãË∂äÂèØÁà±ÊêûÁ¨ëÂìàÂìàÂìàÔºåÁâπÂà´ÊòØÂÆÉÁúãÂà∞ÂÆÉÂêåÁ±ªÊä°Âá∫‰∏Ä‰∏™Â§ßÈìÅÁêÉÁöÑÊó∂ÂÄôÔºåÁúºÁ•ûÊòéÊòæÊîæÂ§ß‰∫Ü‰∏Ä‰∏ãÔºåÈáåÈù¢ÂÜôÁùÄÊàëÂéªÊâì‰∏çËøáÔºÅÂìàÂìàÂìà
kAx351648533,‰∏äÊµ∑,5.0,"ÊØíÊ∂≤‰πüÂ§™ÂèØÁà±‰∫ÜÂêßÔºÅ
4DÊïàÊûú‰∏çÈîôÔºÅ"
Mpx394140945,Âçó‰∫¨,4.0,Âæà‰∏çÈîôÔºåÂÄºÂæóËßÇÁúã
HelloÊííÊµ™ÂòøÂë¶,ÁÉüÂè∞,5.0,‰∏ÄÁõ¥ÁÉ≠Ë°∑‰∫éÊº´Â®ÅÁöÑÁîµÂΩ±Ôºå loser ‰πüË¶ÅÁªùÂú∞ÂèçÂáªÂïäÔºüËÆ∞ÂæóÊääÂÆâÂ¶ÆËøΩÂõûÊù•ÔºÅ
Ainia‰∫ö,‰∏úËéû,4.0,ÊàëËßâÂæóËøò‰∏çÈîôÔºåÊú¨Êù•Áúã‰∫ÜËß£Ê≤°Âê∏ÂºïÂà∞ÊàëÔºåËßâÂæóÈÇ£Ëã±ÈõÑÊúâ‰∫õÊÅ∂ÂøÉÂÉèÂèçÊ¥æÔºå‰ΩÜÊòØÈÇ£Â§©ÂÆ∂‰∫∫ÊÉ≥ÁúãÁîµÂΩ±Ê≤°‰ªÄ‰πàÂ•Ω‰π∞ÁöÑÂ∞±‰π∞‰∫ÜËØïÁúãÔºåÊúâÊÉäÂñúÂà∞ÔºåËã±ÈõÑÊòØ‰∏ë‰ΩÜÊòØÂ•ΩÂú®ÊúâË∂£ÔºåËÄÅÂÖ¨ËßâÂæó‰∏ÄËà¨Ê≤°‰ªÄ‰πàÁâπÂà´ÁöÑÊïàÊûú
Â∞èÂñª123456,Ê≥∏Â∑û,4.5,Âæà‰∏çÈîôÔºåÂæàÂñúÊ¨¢„ÄÇ
Â∞±ÊòØ‰∏ç‰øÆÊîπÁî®Êà∑Âêç,ËéÜÁî∞,5.0,ÊØíÊ∂≤ÁöÑÈÄ†ÂûãÊå∫Â∏ÖÁöÑ
Â≠§Áã¨ÁöÑËøúÊ¥ãÂêõ,‰∏âÊ≤≥,5.0,Â•ΩÁúãÈùûÂ∏∏Â•ΩÁúã
Â∞èËæ£Â®á,‰∏ΩÊ∞¥,4.5,ËõÆÂ•ΩÁúãÁöÑÂìàÂìàüòÑ
Â¶ÆÂèØÂ¶ÆÂèØÂ¶Æll,Ê≠¶Ê±â,5.0,Â¶àÁöÑÔºåÊØíÊ∂≤Â•ΩÂèØÁà±„ÄÇËøô‰πàÂèØÁà±Ôºå‰∏ÄÂÆöÊòØÁî∑Â≠©Â≠ê
ÁöÆÂç°‰∏òÈ¢ÑË∞ã,Ê≠¶Ê±â,5.0,ÁÇíÈ∏°Â•ΩÁúãÔºåÂá∫‰πéÊÑèÊñôÔºÅÔºÅÔºÅ
yanshunyijia,ÈÉëÂ∑û,5.0,ËøôÊòØ‰∏Ä‰∏™ÂèçÂèõÁöÑËã±ÈõÑ
Â§©Â§©,Âçó‰∫¨,4.5,ÂèåÂçÅ‰∏ÄÂçäÂ§úË¢´ÂÆ§ÂèãÊãñÂéªÁúã‰∫ÜÔºåËøòÂ•ΩÂÄºÂõûÁ•®‰ª∑
‰Ω†ËØ¥‰Ω†ÂêëÂæÄËá™Áî±,ÂçóÈÄö,4.5,ÁîµÂΩ±Ëøò‰∏çÈîôÔºåÊØíÊ∂≤ÊØîËæÉÈÄóÈÄºÔºåÂìàÂìàÂìàÂìàüòÑ
Tcu41694719,Ë•øÂÆâ,4.0,Ëøò‰∏çÈîôÂêßÔºåÂ∞±ÊòØÂ•óË∑ØÈÉΩ‰∏ÄÊ†∑
Ëä±Âí™Â≠ê,ÂîêÂ±±,5.0,ÂæàÂ•ΩÁúãÔºåÂÄºÂæóÂ•ΩÂá†Âà∑
ljk,ÂÖ¥Âüé,5.0,ÂæàÂ•ΩÔºåÊ≠£‰πâÊàòËÉúÈÇ™ÊÅ∂„ÄÇ
. Ê•öÊ•ö‰∏çÂèØÊÄú,ÈûçÂ±±,5.0,ÂñúÂâßÁâáÊàë‰ø°‰∫ÜÔºÅüíì üíì üíì 
Mcc399347602,ÂìàÂ∞îÊª®,5.0,ËøôÊòØÊúÄËøëÁúãÁöÑÊúÄÂ•ΩÁöÑÁîµÂΩ±ÔºåÂàöÂºÄÂßãÁúüÁöÑÊå∫ÂÆ≥ÊÄïÔºå‰ΩÜÊòØÁúãÁùÄÁúãÁùÄÂ∞±ÂñúÊ¨¢‰∏äÊØíÊ∂≤‰∫ÜÔºåÁúüÂ∏Öüòé„ÄÅÁîµÂΩ±ËßÜËßâÁöÑÁõõÂÆ¥„ÄÅË∂ÖÁ∫ßÊ£í‚ô•Ô∏èÊúüÂæÖÊØíÊ∂≤‰∫å
Â≥∞40421,Á¶èÈºéÂ∏Ç,4.5,‰∏çÈîôÔºåÊå∫Â•ΩÁúãÁöÑÔºÅ
Êó∂ÂÖâ‰ªé‰∏çÈÅÇ‰∫∫ÊÑø,ÊàêÈÉΩ,5.0,‰∏∫ÊØíÂüÉÁöÑÁªùÁæéÁà±ÊÉÖÊµÅÊ≥™
l‰∫∫È™®ÊãºÂõæl,Ê≤àÈò≥,4.0,‰∏ÄËà¨ÔºåÂè™ËÉΩËØ¥ÂèçÂ∑ÆËêå„ÄÇ
OdZ751396473,Êñ∞Ê¥≤Âå∫,5.0,‰∏Ä‰∏™‰∫∫ÂåÖÂú∫ÁöÑÊÑüËßâÈùûÂ∏∏ËøáÁòæÔºåÁîµÂΩ±‰πüÈùûÂ∏∏Â•ΩÁúã„ÄÇ
ÈÇµÂ∞ëOK,Ê∑±Âú≥,5.0,Ë∂ÖÁ∫ßÂ•ΩÁúãÔºåÂÖ®Âú∫ÂâßÊÉÖÂâåÊøÄ
hAK641253951,Âí∏ÂÆÅ,5.0,ÁâπÊïà‰∏çÈîôÔºåÂè∞ËØçÂπΩÈªòÔºÅ
ÂÇ≤Â®áÁöÑÊΩòÂ∞ºÁéõ,Â∏∏Â∑û,5.0,Ê≤°Áúã‰πãÂâçÂØπÊØíÊ∂≤‰∏çÊÑüÂÜíÔºåÊòØÁúãÂú®Êº´Â®ÅËøô‰∏™ÊãõÁâåÊâçÁúãÁöÑÔºåÁúãÂÆå‰πãÂêéÂ∞±ÊòØÊØíÊ∂≤ÊàëÁà±‰Ω†ÔºåÂ§™**ÂèØÁà±‰∫ÜÔºåÁúã‰∏çÂ§üÊ†πÊú¨ÔºåÊúüÂæÖÁ¨¨‰∫åÈÉ®
Â§ßÁõºÂ≠ê1019,‰∏äÊµ∑,5.0,ÂæàÂ•ΩÁúãÁöÑÁîµÂΩ±Âë¢
ÂáåÈúÑÔºÅ,ÂπøÂ∑û,4.5,Êï¥‰ΩìËøò‰∏çÈîôÔºåÂèØ‰ª•ÁúãÁúã
eJo142306415,Êâ¨Â∑û,4.5,‰∏çÈîôÔºåÈùûÂ∏∏ÂÄºÂæóÊúüÂæÖ
ËÉÉÂè£Â§ßÂ§ß,ÈáëÂçé,5.0,ËøòÂèØ‰ª•„ÄÇ„ÄÇ„ÄÇ„ÄÇ„ÄÇ
Êñ∞Êúà@ÂæÖÈ£ûÈπ∞Èöº,‰∏äÊµ∑,5.0,ÂæàËøáÁòæÔºåÈÖ∏ÁàΩÁöÑÊÑüËßâ„ÄÇÊÉäÊÇö‰ΩÜÊòØÂèà‰∏çÂ§±ÁæéÂ•Ω
CaN369302333,Â®ÑÂ∫ï,5.0,Ë∂ÖÁ∫ßÊó†ÊïåÂ•ΩÁúã
JiaoÂ¶π9,ÊµèÈò≥,5.0,Â§™Â•ΩÁúã‰∫Ü ÂæàÂà∫ÊøÄ
TBW360186519,ÂÆâÂ∫Ü,3.0,ÔºåÔºåÔºåÔºåÔºåÔºåÔºåÔºåÔºå
Chenj0105,Âçó‰∫¨,5.0,Â•ΩÁúãÔºåÊêûÁ¨ëÊó†Â∞øÁÇπ
ÁæäÁæä1027,Ê≤àÈò≥,5.0,Êå∫Â•ΩÁúãÁöÑÔºåÊØîÂÖ∂‰ªñÊº´Â®ÅÁîµÂΩ±ÊÅêÊÄñÂÖÉÁ¥†Â§ö‰∫ÜÂæàÂ§ö
ÂáåÊúõ‰∫ë,Ê∑±Âú≥,5.0,Â•ΩÁúãÂ•ΩÁúãÂ•ΩÁúãÂ•ΩÁúãÂ•ΩÁúã
ÈáëÈí±Êù•,‰∏äÊµ∑,4.0,ËøòË°åÂêßÔºåÊ≤°Êúâ‰ªÄ‰πàÂ§ßÈ´òÊΩÆÔºåÊï¥‰ΩìÊÑüËßâÈ©¨È©¨ËôéËôé
‰∏ÅÈ¶ôËä±ËêΩÊó†Áóï,Áü≥ÂÆ∂Â∫Ñ,5.0,ÂâßÊÉÖ‰∏çÈîôÔºåÊÅêËêåÊÅêËêåÂìíÔºÅ
LindaÊüî,ÊòÜÊòé,5.0,ÂæàÂ•ΩÁúã„ÄÇ„ÄÇ„ÄÇ„ÄÇ„ÄÇ
cc18741264468,ÈûçÂ±±,4.5,ÊúüÂæÖ2ÔºåÊØîÊÉ≥Ë±°‰∏≠Â•ΩÁúãÂæàÂ§ö
loveÔºöÂ∞è‰ºü,Âõ∫ÂßãÂéø,5.0,ÂæàÂ•ΩÁúã    Âπ∏‰∫èÂΩìÊó∂Ê≤°ÂêÉ‰∏úË•ø  ‰∏çÁÑ∂Â∞±Âêê‰∫Ü
ÊÅ®Â§©È´òÂÖàÁîü,Âåó‰∫¨,2.5,Êú¨Êù•Êå∫Â•ΩÁöÑÁâáÔºåË¢´ÂÖ¨Êò†ËÆ∏ÂèØÂÆ≥Âæó Ââ™‰∫ÜÂ•ΩÂ§ö
Summer3430,‰πåÈ≤ÅÊú®ÈΩê,4.5,ÁîµÂΩ±ÁúüÁöÑÂæàÁÇ´ÈÖ∑ÔºåËÆ©‰∫∫ÁúãÁöÑÈÖ£ÁïÖÊ∑ãÊºìÔºÅ
Èò≥ËÅ™,ÂπøÂ∑û,4.0,Ê∞îÊ∞õÂà∞‰ΩçÔºåÊâìÂæó‰∏çÂ§ü„ÄÇ
ËîìÈôÄËêùÁöÑÂ§èÂ§©,Ê∑±Âú≥,4.5,ÁâπÂ•ΩÁúãÔºÅÊÉ≥‰∫åÂà∑ÁöÑÊó∂ÂÄô‰∏çÊîæÊò†‰∫Ü
ÁñØÁãÇÁöÑÂõ¢Â≠êEJ,Âæ∑Èò≥,4.0,ÂâßÊÉÖÊúâÁÇπ‚Ä¶ÂïßÂïßÔºåÊ±§ÂßÜÂìàËø™ËÄÅÂ∏àÁöÑÊºîÊäÄÊãØÊïë‰∫ÜÁîµÂΩ±
Â∞èÂΩ±ÂçéËâ∫,Áü≥ÂÆ∂Â∫Ñ,4.0,Â§ßÁâáÊïàÊûúÔºåËßÜËßâÂÜ≤Âáª„ÄÇ
Derrick,Âåó‰∫¨,3.5,‰∏ÄËà¨Ëà¨ÂêßÔºåËøòÊúâ‰∏äÂçáÁ©∫Èó¥
Â§©Á©∫ÊÄÄÊÉ≥ËÄÖ,‰∏äÊµ∑,3.5,‰∏ÄËà¨ÂêßÔºåËÄå‰∏îËôΩËØ¥ÊØíÊ∂≤Êº´ÁîªËÆæÂÆö‰∏çÊòØÂèçÊ¥æÔºå‰ΩÜËøòÊòØÊé•Âèó‰∏ç‰∫ÜÁ™ÅÁÑ∂ÁöÑÊ¥óÁôΩ
Sherrycola1,‰∏äÊµ∑,5.0,‰π†ÊÉØÊÄßÊîØÊåÅÊº´Â®ÅÔºå‰ΩÜÊòØÊØíÊ∂≤Ê≤°ÊúâÂ§™Â§öÊÉäÂñú
ÊñáÊòé,‰∏úËéû,5.0,ÁâπÊïà‰∏çÈîôÔºå‰∫∫Áâ©ÊºîÊäÄÊå∫Ê£íÔºåÂèØÊÉú‰∏çÊòØÂõΩ‰∫ß
ÈòøÂëÜ,ÊòåÈÇë,4.5,ÁúãÁúãÂ∫üÊü¥ÊòØÊÄéÊ†∑ÊãØÊïëÂú∞ÁêÉÁöÑÔºåÁâπÊïà‰∏ÄÁ∫ßÊ£í
Â∞èÊù®413631,ÂçóÂ∑ù,4.0,ÂïäÁõëÊéßÂΩïÂÉèÊàëÁé∞Âú®
ÂáåÊµ©Èõ®,‰πåÈ≤ÅÊú®ÈΩê,5.0,„ÄÇ„ÄÇ„ÄÇ„ÄÇ„ÄÇ„ÄÇ
Â∞èÊ•†Ê•†‰∫≤,Âº†ÂÆ∂Ê∏Ø,4.0,ËøòË°åÂêßÔºåËßÜËßâ‰∏äÊå∫‰∫´ÂèóÁöÑ„ÄÅ
ÊàëÊâçÊòØÈÉ≠Â∞èÊñå,ÊµéÂçó,0.5,ÁîµÂΩ±Êå∫Á≤æÂΩ©ÁöÑÔºå‰ΩÜÊòØÂèØÊÉúÊàëÊ≤°ÁúãÂÆåÊúÄÂêéÁöÑÂΩ©ËõãÔºå‰∏∫‰ªÄ‰πàÊ≤°ÊúâÁúãÂÆåÂë¢ÔºüÊòØÂõ†‰∏∫ÊµéÂçóÊÅíÈöÜÂπøÂú∫Áôæ‰∏ΩÂÆ´ÂΩ±ÂüéÁöÑÂ∑•‰Ωú‰∫∫ÂëòÔºåÂõ†‰∏∫‰ªñ‰ªÄ‰πàÂë¢ÔºüÂõ†‰∏∫‰ªñÂú®ÂΩ©ËõãÊó∂Èó¥Âú®ÂΩ±ÂéÖÂÜÖÂìÑËµ∂ËøòÊ≤°Á¶ªÂú∫ÁöÑËßÇ‰ºóÔºÅËøôÁßçÊúçÂä°ÔºüÂ∞±Âõ†‰∏∫ÊÉ≥Êó©Êó©‰∏ãÁè≠ÔºüËßÇÂΩ±‰ΩìÈ™åÂÖ®Êó†„ÄÇÂú®ÊúÄÂêéÊàëÂéªË¶ÅÊ±Ç‰ªñÂÜçÊääÂΩ©ËõãÊîæÊò†‰∏ÄÈÅçÔºå‰ªñÂéªÊª°Âò¥ËÑèËØùÔºåCnm„ÄÇwtfÔºüÂ±ÖÁÑ∂Ëøô‰πàËØ¥ËØùÔºüÁôæ‰∏ΩÂÆ´‰∏çË¶ÅÂú®Âπ≤‰∏ãÂéªÔºåÁ•ù‰Ω†‰ª¨ÂÖ≥Âº†Â§ßÂêâüéâ
EVA930604,Ê≤àÈò≥,4.5,Êå∫Â•ΩÁöÑÂïäÊå∫Â•Ω
y8154983,ÂëºÂíåÊµ©Áâπ,5.0,Â•ΩÁúãÂô¢ÔºåÊØíÊ∂≤ÈïøÁöÑÂ•ΩÂ∏ÖÔºåË∫´Êùê‰πüÂ•ΩÔºåÊÄßÊ†º‰πüÂ•ΩÔºåÁî∑Á•ûÂô¢Âô¢Âô¢
BXH407976392,ÈùíÂ≤õ,4.0,‰∏çÈîô ‰º†ÁªüÂ§ßÁâá
SJK780569783,ÂÆøËøÅ,5.0,‰∏çÂ≠¨‰∏çÂ≠¨‰∏çÂ≠¨
Ewo718369403,ÂÖ∞Â∑û,5.0,Ëøô‰∏™ÊòØËøëÂπ¥Êù•ÊàëÁúãËøáÊúÄÊé•ËøëÈ¢ÑÂëäÁâáÁöÑÁßëÂπªÈ¢òÊùêÁîµÂΩ±‰∫ÜÔºåÁâπÊïàÊÉä‰∫∫ÔºåÂÄºÂõûÁ•®‰ª∑
A^o^Tiffany,Áè†Êµ∑,4.0,Â•ΩÁúã„ÄÇÁîªÈù¢Ê∏ÖÊô∞
Eva,ÂÖ∞Ê∫™,4.5,ÂñÑÊÅ∂ÊÄªÊòØË∂ÖÁ∫ßËã±ÈõÑÁîµÂΩ±ÁöÑ‰∏çÂèò‰∏ªÈ¢òÔºåÂú®Ëøô‰∏çÂèòÁöÑ‰∏ªÈ¢ò‰∏ãÔºåÊïÖÊÑèÁ¥ßÂº†ÔºåÁîªÈù¢ÈúáÊíºÔºåÂÄºÂæó‰∏ÄÁúã„ÄÇ
Á¶æËãó503,È°∫Âæ∑,2.5,9.3ÂàÜÊòØÂà∑Âá∫Êù•ÁöÑÂêßÔºåË¢´È™ó
yWG221376331,Ëµ§Â≥∞,5.0,ÈùûÂ∏∏Â•ΩÁúãÁöÑÁîµÂΩ±
GHg124917129,Ë¥µÈò≥,5.0,ÂéªÁîµÂΩ±Èô¢ÁúãÂêßÔºåÊØíÊ∂≤ÂÖàÁîüÂæàÂèØÁà±
Á≠ñÈ©¨ÁëúÈîã,‰∏äÊµ∑,4.5,ÂÄºÂæó‰∏ÄÁúãÁöÑÁîµÂΩ±‰∏ç‰øóÂ•óÁöÑË∂ÖÁ∫ßËã±ÈõÑ
lWF673896730,ËéÜÁî∞,4.5,‰∏çÈîôÔºåÊå∫Â•ΩÁúãÁöÑ
FzC835527066,ËäúÊπñ,5.0,ÂæàÂ•ΩÁúãÔºåÂä®‰ΩúÂ§ßÁâáÔºåÊâìÊñóÁîªÈù¢ÂæàÁ≤æÂΩ©ÔºåËêåË¥±ËêåË¥±ÁöÑÊØíÊ∂≤ÂæàÂèØÁà±
bDd562555728,Êó†Èî°,4.0,ÂæàÊúâÊÑèÊÄùÔºåÁªìÂ±ÄÊÉä‰∫∫ÔºÅÊØíÊ∂≤‰∏∫‰ªÄ‰πàËøòÊ¥ªÁùÄÂë¢Ôºü‰∏çËøáÊ¥ªÁùÄÊå∫Â•ΩÔºÅ
BAs135924543,ÈÜ¥Èôµ,4.0,ÊàëÂíåÊàëÂ•≥ÂÑø‰∏ÄËµ∑ÁúãÁöÑÔºåË∂ÖÁ∫ßÂ•ΩÁúã
F.tttt,Â§ßËøû,5.0,ÈùûÂ∏∏Â•ΩÔºåÁúü‰∏çÈîô
Mr‰∫å‰∏ÅÁõÆ,‰∏úËéû,3.0,ËøòÂ•ΩÂêßÔºåÊ≤°ÊúâÊúüÂæÖ‰∏≠Â•ΩÁúã
BFY595569935,ÊàêÈÉΩ,5.0,ÁúüÊÉ≥ÊúâÊØíÊ∂≤Ëøô‰πà‰∏™ÂÖ±Áîü‰ΩìÔºÅ
stacyÂÜ∞ÂÜ∞0569,ÈÉëÂ∑û,5.0,ÊØíÊ∂≤Â•ΩÂèØÁà±ÂìàÂìàÂìà
ÂΩìÈ∫¶Â∑≤ÊàêÂæÄ‰∫ã1,Âçó‰∫¨,4.0,ËøòÂáëÂêà„ÄÇÊúüÂæÖÂêéÁª≠
MVt13352100865,ÈûçÂ±±,3.0,Âì¶Ë∑ØËôé‰πüÂ∞±‰∏äYY
Â∞èËòá(ËãèÂ∞èÂ≠ê),ÂìàÂ∞îÊª®,5.0,4DÁöÑËøôÈ°øÊç∂ËÉå ÊôÉÊ§ÖÁöÑÔºÅÈ£éÂêπ ÂÜíÁÉüÁöÑÔºÅÁúüÊï¥‰∏çËµ∑ÂïäÔºÅÂêì‰∫∫ÔºÅ
vIY15031778280,ÊµéÂçó,5.0,ÁâπÂà´Â•ΩÁúãÔºåÊØíÊ∂≤Ë∂ÖÁ∫ßÂèØÁà±
JfH154709378,‰∏äÊµ∑,4.0,ËøòË°åÂêßÔºü‰∏çËøáÊØîÊàëÈ¢ÑÊúüÁöÑÂ∑Æ‰∏ÄÁÇπ„ÄÇÁßëÊäÄÁâπÊïàÁîªÈù¢Ëøò‰∏çÂ§üÂ§ö
ÂìéÔºåÈ•≠ÁÇπËøá‰∫Ü,ÂìàÂØÜ,5.0,‰ªãÊÑèÂéªÁúãÁúãÔºå‰∏çÊòØÂæàÊÅêÊÄï
ÁøêÈÄî,Ë¥µÈò≥,5.0,ÊØíÊ∂≤Â§™Ëêå‰∫ÜÔºåÁÆÄÁõ¥‰∏§‰∏™Ê¥ªÂÆù
zso928679549,ÂíåÂéø,3.5,ËøòË°åÂêßÔºå‰πüÂ∞±ÈÇ£Ê†∑ÔºåÁªôÂÆÉ‰∏™‰∏ÉÂàÜ
ÊØÅ‰∏ÄÂüéÊâæ‰∏Ä‰∫∫,Ê≤≠Èò≥,4.5,Â•ΩÁúãÔºåÊ≤°Â§±ÊúõÔºÅ
LÂ≠£Ê≠å,ÂπøÂ∑û,5.0,ÂæàÂ•ΩÁúãÔºåÂæà‰∏çÈîô„ÄÇ
‰∏öÁª™ÂÖâ,Âçó‰∫¨,4.5,"Âõ†‰∏∫ÊØíÊ∂≤ÂΩ¢Ë±°ÊÅ∂ÂøÉ‰∏ëÈôãÔºåÊâÄ‰ª•ÈÄÅÂÖ∂9ÂàÜÔºåÂÆûÂú®ÊÅ∂ÂøÉÂú∞ÊûÅËá¥ÔºÅ
      Ëøô‰Ωç‰ªé„ÄäËúòËõõ‰æ†3„ÄãÈáåÂàÜÊîØÂá∫Êù•ÁöÑËßíËâ≤‰∏éÊïÖ‰∫ãÔºå‰∏é„ÄäÂ§çËÅî3„ÄãÁõÆÂâçÊâØ‰∏ç‰∏äÂÖ≥Á≥ªÔºåÂ±û‰∫éÂ±ÄÂ§ñ‰∫∫„ÄÇÁªìÂ±ÄÊâìÊñóÊ®°ÂºèÂíå„ÄäÊó†ÊïåÊµ©ÂÖã„ÄãÁªìÂ±ÄÁ±ª‰ººÔºö‰∏§‰∏™Â§ñÂΩ¢Âü∫Êú¨Áõ∏‰ººÁöÑÊÄ™Áâ©ÊâìÊñó„ÄÇËæπÁúãËæπÊÉ≥ÔºöËøôÂõûÊñØÂù¶¬∑ÊùéÊòØ‰∏ç‰ºöÂÆ¢‰∏≤‰∫Ü„ÄÇÊÑèÂ§ñÁöÑÊòØÂà∞ÁªìÂ∞æÂ§ÑÔºå‰ªñËøòÊòØÁâµÁùÄÂ∞èÁãóÂá∫Êù•Ê∫úËææ‰∫Ü‰∏Ä‰∏ã„ÄÇÊòéÂπ¥Êº´Â®ÅÁîµÂΩ±ÊòØÁúã‰∏çÂà∞‰ªñ‰∫ÜÔºåÂæàÂèØÊÉú„ÄÇ"
ËúÇËúúËñÑËç∑Ëå∂23,ÊòÜÊòé,4.5,ÊØíÊ∂≤Â•ΩËêåÔºåÂ∞±ÊòØÂá∫Âú∫ÁöÑÊó∂Èó¥Â§™Â∞ë‰∫Ü
Âç∞Â∫¶ÈáëÂüéÊ≠¶,ËÇáÂ∫Ü,5.0,Â•ΩÁúãÔºÅÊúâËßÜËßâÂÜ≤ÂáªÂäõ
IQF15536253288,ËøêÂüé,5.0,Â•ΩÁúãÔºåÊé®Ëçê„ÄÇ
YhY874319529,ÊàêÈÉΩ,5.0,ÈùûÂ∏∏‰∏çÈîôÔºåÂÄºÂæó‰∏ÄÁúã
Â∏àÂÖàÁîü‰∏∂,ÂπøÂ∑û,4.0,Ëøò‰∏çÈîô „ÄÇ„ÄÇ„ÄÇ„ÄÇ
Ê¢¶ÈÄîÊóÖ‰∫∫X,Êµ∑ÂÆÅ,5.0,Êå∫Â•ΩÁöÑÔºåÂâßÊÉÖËøòË°åÔºå‰∏ªË¶ÅÊòØ4DÂæàÂà∫ÊøÄÂïä
zTr289507018,ÊàêÈÉΩ,5.0,Ë∂ÖÁ∫ßË∂ÖÁ∫ßÂèØÁà±
Ê¥ã‰ªî‰∏®‰∏®,‰∏äÊµ∑,5.0,ÁúüÂøÉÂ•ΩÁúã Á¥ßÂº†Âèà‰∏çÂ§±ÂπΩÈªò
Z8777,ËæΩÊ∫ê,4.5,ÊúÄÁà±Â§ßÁâõÂ•∂ÁúºÁùõüëÄ
FyO1516796,ÈáëÂçé,4.5,‰∏ÄÂºÄÂßã‰∏çÊáÇÊØíÊ∂≤Âà∞Â∫ïÊòØ‰ªÄ‰πàÔºåÂêéÊù•ÊâçÁü•ÈÅìÂéüÊù•ÊòØÂ§ñÊòü‰∫∫ÁöÑÂêçÂ≠ó„ÄÇÁî∑‰∏ªÂ•≥‰∏ªÁöÑÊÑüÊÉÖÁ∫øÂÖ∂ÂÆûÊòØÂºÄÊîæÁªìÂ±ÄÔºå‰∏çÊòØ‰∏ªÊïÖ‰∫ãÁ∫øÔºåÊØíÊ∂≤ÂñúÊ¨¢‰∏äÂú∞ÁêÉÁöÑËΩ¨ÊäòÁÇπ‰πü‰∏çÊòØÂæàÊòéÊòæÔºåË∑ØËæπÁöÑÊë©ÊâòËΩ¶Â±ÖÁÑ∂Êèí‰∫ÜËΩ¶Èí•Âåô‰πüÂæàÂ•áÊÄ™ÔºåËôΩÁÑ∂Â≠òÂú®Âá†Â§Ñ‰∏çÂêàÁêÜÁöÑbugÔºå‰ΩÜÊòØÊàëËøòÊòØÂæàÂñúÊ¨¢Ëøô‰∏™ÁîµÂΩ±„ÄÇËé´ÂêçÁöÑÂú®‰ª•‰∏∫ÊØíÊ∂≤Ë¢´ÁÉßÊ≠ª‰∫ÜÁöÑÊó∂ÂÄôËøòÂæàÊÉ≥Âì≠ÔºåÁúüÊòØÂ•áÊÄ™ÁöÑÂ§ñÊòü‰∫∫„ÄÇÁî∑Â•≥‰∏ªÊúÄÂêéÂú®ÂÆ∂Èó®Âè£ÂùêÁùÄËÅäÂ§©‰πüÂæàÂñúÊ¨¢ÔºåÂíåÁà±ÁöÑ‰∫∫ÔºåÂñùÁùÄÊùØË£ÖÂíñÂï°ÔºåËÅäÁùÄ‰∫∫ÁîüËøáÂæÄÔºåÁúãÁùÄË∑Ø‰∫∫Ë°åËâ≤ÂåÜÂåÜÔºå‰πüÊòØ‰∏ÄÁßçÂπ≥Ê∑°ËÄåÁæéÂ¶ôÁöÑ‰∫∫Áîü„ÄÇÊØè‰∏™‰∫∫ÈÉΩÊúâËá™Â∑±ÁöÑ‰ΩøÂëΩÔºÅÁà±Ê≠ªËøô‰∏™ÁîµÂΩ±‰∫Ü„ÄÇ
Ë™ìË®Ä‰∏çÁ¥Ø,Ëê•Â±±Âéø,4.5,ÂæàÂ•ΩÁúãÔºåÂ∞±ÊòØÊâìÊñóÊúâÁÇπÂ∞ë
weH747429338,Ê≥æÂéø,5.0,Êå∫Â•ΩÁúãÁöÑÔºåËõÆ‰∏çÈîôÁöÑ
‰∏∂Â¨∑Â¨∑‰∏ø,ÊÄÄÂåñ,5.0,Ëøò‰∏çÈîô Â∞±ÊòØÊó∂Èó¥Áü≠‰∫ÜÁÇπ
lily031129,ÂçóÊòå,5.0,ÂπΩÈªòÔºåÁâπÊïàÊ£íÔºåÁâáÂ§¥ËØïÈ™åÂÆ§ÈáåÈù¢Â•ΩÊÅêÊÄñÔºåÂõûÊÉ≥Ëµ∑Êù•ËøòÊòØÂèØ‰ª•Êé•ÂèóÁöÑ„ÄÇ
ÂøÉÂ¶ÇÊ≠¢Ê∞¥üíã,ËãèÂ∑û,5.0,‰ª•‰∏∫ÊòØÂùèÁöÑÔºåÊ≤°ÊÉ≥Âà∞ÊòØÊöñÊØíÊ∂≤ÔºåÂæàÂñúÊ¨¢ÔºåËá™Â∑±Ë∫´‰∏äÂ¶ÇÊûú‰Ωè‰∫Ü‰∏Ä‰∏™ÊØíÊ∂≤Â§öÂ•Ω
RgQ806048220,Ê±üÈó®,4.5,‰∏ÄËà¨ÂíØÔºåÁâπÊïàËøòË°åüòä
Êæà‰πãÊ∏ä,ÊπñÂ∑û,4.0,Êº´Â®ÅËÄÅÂ•óË∑ØÔºåÊúüÂæÖÊàë‰ª¨Ëá™Â∑±Âá∫ÁßëÂπª‰ΩúÂìÅ
Â•ïÊ≥ΩÂ≠¶‰ºö,‰∏äÊµ∑,4.5,Â•ΩÁúãÔºåÂÖ®ÊòØÁ¨ëÁÇπ
Êµ∑ÁªµÂèîÂèî390,ÂòâÂÖ¥,5.0,ÂæàÂ•ΩÁöÑË∞¢Ë∞¢ÂæàÂ•Ω
ÁÜäÁå´sissi,Â§ßËøû,4.5,ÁªôÊª°ÂàÜÊÄïÈ™ÑÂÇ≤
ÈôàÂ©∑Â©∑9556,Ê∑±Âú≥,5.0,Â•ΩÁúãÔºåÂ•ΩÁúã„ÄÇ
psf356149493,ÊÖàÊ∫™,5.0,Â•ΩÂ•ΩÂ•ΩÂ•ΩÂ•ΩÂ•ΩÂ•ΩÂ•ΩÂ•ΩÂ•ΩÂ•ΩÂ•ΩÂ•ΩÂ•ΩÂ•ΩÂ•ΩÂ•ΩÂ•ΩÂ•ΩÂ•ΩÂ•ΩÂ•Ω
loveËééÂÑø95,Ë•øÂÆâ,5.0,ÊøÄÊÉÖ‰∏≠ÂèàÂåÖÂê´‰∫Ü‰∏çÂ∞ëÂπΩÈªòÈ£éË∂£  ÊúüÂæÖÁ¨¨‰∫åÈÉ®‰Ω≥‰Ωú
Âá°Â£´ÊûóÊ∂¶ËÇ§Èú≤,Èî¶Â∑û,5.0,ÁúãÂÆåÊØíÊ∂≤ ÊàëÊÑüËßâÊàëÂæàÈ•ø ÁîöËá≥ËøòÊÉ≥ÂêÉ‰∏Ä‰ªΩÁÇ∏È∏°
ÂúüË±Ü¬∞,Ë±°Â±±,4.5,ÁâπÊïà‰ªÄ‰πàÁöÑÈÉΩ‰∏çÈîô  ÊÑüËßâÂâßÊÉÖÊñ≠‰∫Ü‰∏ÄÁÇπ
Âõ≠Â∞èÂπÇai,ÈáçÂ∫Ü,5.0,Âæà‰∏çÈîô     ÂæàÂ•Ω
QTJ555386820,ÈïøÊ≤ô,5.0,ÁÇíÈ∏°Â•ΩÁúãÔºåÊº´Â®ÅÊúÄÁà±
Qnj287567435,ÈΩêÈΩêÂìàÂ∞î,5.0,Ë∂ÖÁ∫ßÂ•ΩÁúãÔºåËÆæÂÆöÂæàÊñ∞È¢ñ
ÊáíÂæóËµ∑ÂêçÂ≠ó.....,Ê≠¶Ê±â,5.0,ÔºÅÔºÅÔºÅÔºÅÔºÅÔºÅÔºÅÔºÅ
Ê∏©ÊüîÂèë,ÁªçÂÖ¥,5.0,Âì¶Âì¶Âô¢Âô¢Âô¢Âì¶Âì¶
ÈìÉÊú®Èùô,Êû£Â∫Ñ,5.0,Á≤æÂΩ©ÁâáÊÆµÂú®È¢ÑÂëäÈáåÈÉΩÁúãÂà∞‰∫ÜÔºÅ(>Ôπè<)
aj520xz,ÂêàËÇ•,5.0,ÂæàÂ•ΩÁúãÔºåÁ≤æÂΩ©
_qq2fk1321340219,Á¶èÂ∑û,5.0,ËøôÁîµÂΩ±‰∏çÈîôÂì¶
A-Â∞èÊù®,Á¶èÂ∑û,5.0,ÁîµÂΩ±‰∏çÈîôÔºåÂ∏åÊúõ‰∏ã‰∏ÄÈÉ®Âà∞Êù•
ÁñØÂ≠êÂêÉÈ•±È•≠,Ë•øÂÆâ,3.5,ÁâπÊïàÂæàÊ£íÔºåÊÉÖËäÇÂæàÁ¥ßÂáëÔºåÂæà‰∏çÈîôÁöÑÁàÜÁ±≥Ëä±ÁîµÂΩ±„ÄÇÊúÄÂêéÁöÑÊâìÊñóÊÉÖËäÇÂ§™ÁúºËä±Áº≠‰π±ÔºåÊúâÁÇπÂèçÂ∫î‰∏çËøáÊù•„ÄÇ
jnQ159857818,Âçó‰∫¨,5.0,ËøòË°å„ÄÇ„ÄÇ„ÄÇ„ÄÇ„ÄÇ
gBz991701763,Ê≤àÈò≥,5.0,ÂæàÊº´Â®ÅÔºåÔºåÔºåÔºå
EDV265170423,Áü≥ÂÆ∂Â∫Ñ,3.0,ËäÇÂ•èÂ§™Âø´ÔºåÂâßÊÉÖÂ§™ÁÆÄÂçïÔºåÊ†∑Â≠êÂ§™‰∏ëÔºå‰∏çÂ•ΩÁúã
zhaoyun1005,ÂÆúÊòå,3.0,Â§ñÂõΩÁöÑÁúãÁùÄÂ∞±ÊòØË¶ÅÈÄºÁúüÔºåË¶ÅÂà∫ÊøÄ‰∫õ„ÄÇ‰πüÂ§ßËÉÜÔºåÊêûÁ¨ëÔºåÂπΩÈªòÔºåÂÖ®Êúâ‰∫Ü„ÄÇ
ÁºòÁÅ¨138,‰∏äÊµ∑,5.0,Á¨¨‰∏ÄÊ¨°ÁúãÊº´Â®ÅÁîµÂΩ±
ÔºÇ„ÄÄDistance,Áè†Êµ∑,5.0,ËøòË°åÂêßÂïäÂïäÂïäÂïäÂïäÂïäÂïäÂïä
ÊÅêÊÄñÂàÜÂ≠ê,Èì∂Â∑ù,5.0,„ÄÇ„ÄÇ„ÄÇ„ÄÇ„ÄÇ„ÄÇ„ÄÇ
Êô®Êõ¶ÁöÑÈÇÇÈÄÖÔΩû,ÂïÜ‰∏ò,4.0,ÁúãÁùÄËøòË°å  ‰∏çÈîô
ESK217552627,ÈõÜÁæé,5.0,ÁùÄÈ≠î‰∫ÜÔºåÁúüÁöÑÂæàÂ•ΩÁúã
ÂáØ„ÄÇ„ÄÇÔºåÔºå,Âåó‰∫¨,4.5,ËøòÂèØ‰ª•Ôºå‰∏çÈîô
lovecarine,ÂçóÂÆÅ,5.0,Á¨¨‰∏ÄÊ¨°Áúã‰∏çËøáÁòæÔºåËøò‰ºöÂÜçÊù•
Áà±Êûó,Âª∂Ëæπ,5.0,ÊàëÂÑøÂ≠êËØ¥ÁâπÂà´Â•ΩÁúã
ÈáéÂéüÂ∞èÂÖîÂÖî,ËØ∏Êö®,5.0,Â•ΩÁúãÂ•ΩÁúãÁúüÂ•ΩÁúã
Â∞èÂ∏É‰∏ÅÂêÉÂ∏É‰∏Å,Â§™Âéü,4.0,ÊÑüËßâ‰∫∫ÁîüÂà∞Ëææ‰∫ÜÂ∑ÖÂ≥∞„ÄÇ
‰ºäÂ∞èËÇâËÇâ‰∏ù,ÊòÜÊòé,4.0,Â±ïÁé∞ÊäëÊâ¨È°øÊå´ÁöÑËäÇÂ•èÔºåÊäì‰ΩèËßÇ‰ºóÁöÑÊÉÖÁª™
Ugn392354061,ÂîêÂ±±,4.0,ÂâßÊÉÖÊúâÊòéÊòæË∑≥Ë∑É
aoF494665444,Êó•ÂñÄÂàô,5.0,ÂæàÂ•ΩÁúãÔºåÂÄºÂæóÂéªÁúã
ÂùêÊ§ÖÂæÖÂ∏ÅÁöÑÂ∞èÂì•Âì•,Êó†Èî°,4.5,‰∏çÈîôÔºåÂ∞±ÊòØÂâßÊÉÖÂÜçÂ§çÊùÇ‰∏ÄÁÇπÂ∞±Â•Ω‰∫ÜÔºåÊúüÂæÖÊúâÁª≠ÈõÜ„ÄÇ
È©¨Â∫ÜÂº¢,Êâ¨Â∑û,3.0,ËøòË°åÔºåÁâπÊïà‰∏çÈîô
Áü•Âêç‰∏çË∂£,ÊúùÈò≥,2.0,ËøòË°åËøòË°åÂ∞±ÊòØ
luyun880629,Â§™Âéü,5.0,‰∏çÈîôÔºåÂæàÂ•ΩÔºåÂæàÂº∫Â§ß
@Èæö,Áü≥ÁãÆ,3.5,ËÆ©ÊàëÊÉ≥Ëµ∑‰∫ÜÂØÑÁîüÂÖΩ
Ë¢Å_ÊõâÂÆá,‰∏úËéû,4.0,ÊØíÊ∂≤Êää‰∫∫ÁöÑÂ§¥ÂêÉÊéâ‰∏ÄÂπïÊå∫ÊÅêÊÄñÁöÑ.ÁúãÂÆåÁîµÂΩ±‰πãÂêéÂèëÁé∞ÊàëË∫´‰ΩìÈáåÂá∫Áé∞‰∫ÜÂ•ΩÂ§öÁ•ûÁªèÁöÑÁªÜËÉûÔºÅ
‰∏ç‰∫¶‰πê‰πé,ÂîêÂ±±,5.0,Êå∫‰∏çÈîôÁöÑÁâáÂ≠ê„ÄÇÊúüÂæÖÁ¨¨‰∫åÈÉ®
‰Ω†ÊöñÊàëÂÆâZZY,‰∏úËéû,5.0,ÊØíÊ∂≤ÂæàÂèØÁà±ÔºåÂìàÂìàÂìàÂìàüòÑ
Ê¥™ÊôìÊµ∑oc,ÂÆúÂÆæ,5.0,Ëøò‰∏çÈîô Êå∫Â•ΩÁúã
Â§©ÂÖ∞ËèáÂáâÂÑø,Ê≥∏Â∑û,4.5,ÊØíÊ∂≤Ë¶Å‰∏çË¶ÅËøô‰πàÂèØÁà± ÊÉ≥Ë¶Å‰∏ÄÂè™ÁöÑÊÑüËßâ
xu_Êù®ÊôìÊó≠,ÂåÖÂ§¥,4.5,‰∏çÈîôÁöÑÔºåÊå∫Â•ΩÁúã
Êó∂ÈíüÂìºÁùÄÂ∞èË∞É,ÂπøÂ∑û,5.0,Â•ΩÁúãÂ•ΩÁúãÂ•ΩÁúã„ÄÇ
jXI284080629,Âº†ÂÆ∂Âè£,5.0,ÊÑüËßâÈùûÂ∏∏Â•Ω(‚ú™‚ñΩ‚ú™)
vtf777243595,Âº†ÂÆ∂Ê∏Ø,5.0,Â•ΩÁúãÔºåÁúüÂéâÂÆ≥
‰ºò‰πêÁæéÂØíÁßã,ÊàêÈÉΩ,4.0,Ëøò‰∏çÈîôÔºåÊïÖ‰∫ãÊúâÁÇπÂê∏ÂºïÂäõÔºå‰∫∫Áâ©ÈÉΩËøòÂ•ΩÔºåÁÆÄÂçïÊòé‰∫ÜÔºåÂú∫Èù¢ËøòÁÆóÈú∏Ê∞î
IfJ500555019,ÈÉëÂ∑û,1.0,Ê≤°Êúâ‰ªª‰ΩïÊñ∞ÊÑè
Jig361632043,Ê≠¶Ê±â,5.0,Âæà‰∏çÈîôÁöÑÔºåÂ∏åÊúõÊúâ‰∫åÂá∫Êù•
bHT518392023,ÈïøÊ≤ô,5.0,‰∏çÈîôÁöÑÔºåÔºåÔºå
XFY589121362,ÈïøÊ≤ô,5.0,Â§™ÊêûÁ¨ë‰∫ÜÔºÅÔºÅÔºÅ
Â£ûÂ∞èÂ°∞,‰πêÊ∏Ö,5.0,Â•ΩÁúãÂ•ΩÁúãÂ•ΩÁúã
NMq108034562,Âåó‰∫¨,5.0,Â•ΩÁúã ÊêûÁ¨ë  Êé®ËçêÁúã
hua‚ÄÜer,ÈªÑÁü≥,4.5,ÂæàÂà∫ÊøÄ„ÄÇÊØíÊ∂≤ËôΩÁÑ∂ÂæàÂΩ¢Ë±°ÂæàÊÅ∂ÂøÉ ‰ΩÜÊòØËØôË∞êÂπΩÈªòÁà±ÊÜéÂàÜÊòéÁöÑÊ∞îË¥®‰πüÂæàÂèØÁà±
sjw_bull,Âåó‰∫¨,4.0,ÊïÖ‰∫ã‰øóÂ•óÔºåÁîªÈù¢Á≤æÂΩ©ÁöÑÁßëÂπªÈóπÂâß
aCG521322137,ÂëºÂíåÊµ©Áâπ,5.0,Â•ΩÁúãÔºÅÔºÅÔºÅÔºÅ
Azheng¬∞,‰∫≥Â∑û,4.5,‰∏çÈîô‰∏çÈîô‰∏çÈîôÔºåÂà∑‰∫Ü‰∫åÈÅç
AnyaÂ∞èÂ©ö,ÈáëÂçé,4.0,ÂÖ∂ÂÆûÂâßÊÉÖËÆ©ÊàëÈöæÂèó‰∫ÜÂæà‰πÖÔºåÁâµÂº∫ÁöÑÂéâÂÆ≥ÔºåËÄå‰∏îËøôÁßç‰∏ÄÂºÄÂßãÂ∞±ËÉΩÁåúÂà∞ÁªìÂ±ÄÁöÑÁîµÂΩ±ÂÆûÂú®‰∏çÂ•ΩÁúã
Âßã‰∫éÂøÉÂä®497,ÂºÄÂ∞Å,4.5,Êå∫‰∏çÈîôÁöÑÔºåÂæàÂ•ΩÁúãÔºåÊé®ËçêÔºåÊé®Ëçê
CXb650653777,Èªî‰∏úÂçó,5.0,ÈùûÂ∏∏Â•ΩÁúãÔºåÂâßÊÉÖ‰∏çÈîôÔºåÁâπÊÑèÁúã‰∫Ü4DÁöÑÊïàÊûúÊõ¥Â•Ω
ÂªñÂ∫ÜÂø†,Ê≠¶Ê±â,4.5,ÂÜ≤ÁùÄÊ±§ËÄÅÂ∏àÂéªÁöÑÔºå‰∏çÈîô‰∏çÈîô
ÊàëÂÆ∂Êúâ‰∏™Â∞èÁ±≥Á≤•,Ê∞∏Â∑û,3.5,ÊïÖ‰∫ãÊÉÖËäÇÊúâÁÇπÂÑøÁâµÂº∫ÔºåÊ≤°ÊÉ≥Ë±°‰∏≠Â•ΩÁúã„ÄÇ
AJE525837220,Â§©Ê¥•,5.0,Â•ΩÁúã(ÔΩ°ÔΩ•œâÔΩ•ÔΩ°)Ôæâ‚ô°
ËãèÈõÖÂÄ©_,ËãèÂ∑û,5.0,ÈùûÂ∏∏ËµûÔºåÊØíÊ∂≤Ë∂ÖÁ∫ßÂ∏Ö„ÄÇ
Âº†Â∞èÂ∞è1212,Ê±üÈò¥,5.0,Â•ΩÁúãÔºåÂà∫ÊøÄ Ôºå‚Ä¶‚Ä¶‚Ä¶‚Ä¶
CxL663715258,ÂÆÅÊ≥¢,3.5,ËøòÂèØ‰ª•ÔºåËøòÂèØ‰ª•
ÈæüÂ∞èÂì•,ÊπòË•ø,5.0,Â•ΩÂ•ΩÂ•ΩÂ•ΩÂ•ΩÂ•ΩÂ•ΩÂ•ΩÂ•Ω
ÂΩ≠zl,ÂÆÅÊ≥¢,5.0,Êñ∞Ëã±ÈõÑ   ÊÑüËßâÂæàÂèØÁà±
oQC849368873,Ê≠¶Ê±â,5.0,gggggg
Ê≥°ËäôÂë≥ÁöÑÂ•≥Â≠©Â≠êhy,‰∏äÊµ∑,5.0,Â•ΩÁúãÂà∞ÁàÜÁÇ∏Âïä
üêÆüêÆüêÆ,Âº†ÂÆ∂Ê∏Ø,5.0,Â•ΩÁúãÔºåÂñúÊ¨¢ÔºåÊØíÊ∂≤ÂæàÂπΩÈªò
VipÊ∞∑,Âåó‰∫¨,4.0,ÁâáÈïøÊúâÁÇπÁü≠ÔºåÂÖ∂‰ªñÈÉΩ‰∏çÈîô
rPW637460446,Ë°°Ê∞¥,5.0,‰∏ÄËà¨Ëà¨Âï¶„ÄÇ„ÄÇ„ÄÇ
Â∞èÊµ©Â§©,Âçó‰∫¨,5.0,Â£∞Èü≥Â§™Â§ß„ÄÇ„ÄÇ„ÄÇ„ÄÇ„ÄÇ„ÄÇ„ÄÇ„ÄÇ
ÊÇ†ÊÇ†ÁöÑÂ∞èÂß®,ÂåÖÂ§¥,4.5,ËøòË°åÊå∫Â•ΩÁúãÁöÑ
Êó∂ÂÆ∏‰∏∫ÈÅì,Êó†Èî°,5.0,ÊØíÂüÉ is RioÔºÅÔºÅÔºÅ
WWw765629343,Ê∏©Â≤≠,4.5,‰º†ÁªüÁöÑ‰øùÊä§Âú∞‰∫≤Ôºå‰ΩÜÊòØÊå∫Â•ΩÁúãÔºåÂìàÂìàÂìà
ÁúãÊµ∑9436,‰∏äÊµ∑,4.0,ÊÑüËßâ‰∏ÄËà¨Âêß„ÄÇ
lTA731373555,Êù≠Â∑û,5.0,Êå∫Â•ΩÁúãÁöÑÔºå„ÄÇÔºüÔºÅ
lverson0512,Ê≤àÈò≥,5.0,‰∏çÈîôÔºåÂéâÂÆ≥‰∫Ü
ËñáÂ∞î‰∏ΩÁâπ,‰∏πÈò≥,4.5,ÁúãËøáËúòËõõ‰æ†3ÔºåÊÑüËßâÂ∑≤ÁªèÊòØÂè¶Â§ñÁöÑÊïÖ‰∫ã‰∫ÜÔºåÊàêÂäüÁöÑÁªôÊØíÊ∂≤Ê¥óÁôΩ‰∫ÜÔºåÊúüÂæÖÂú®Â§çËÅîÈáåËÉΩÁúãÂà∞ÊØíÊ∂≤
ÈªëÁé´Áë∞Âá§,Â§©Ê¥•,5.0,‰∏çÈîôÔºåËøòÊÉ≥ÂÜçÁúã‰∏ÄÈÅçÁöÑ„ÄÇ
rSO340905243,ÂçóÈÄö,4.5,ÊàëÂ§ßÂÖ±Áîü‰ΩìÂÖÉÁ•ñÁâõÊâπ
üå∏üíïÁ≥ñÊûúüíïüå∏,ÂìàÂ∞îÊª®,5.0,ËøòË°åÂêßÔºÅÊàëÂÑøÂ≠êÈùûË¶ÅÁúãÔºåÊàëÂÖàÊé¢Êé¢Ë∑ØÔºå‰∏Ä‰ºöÈ¢ÜÂ≠©Â≠êÂéªÁúãÔºÅ
yJq781396994,Áü≥ÂÆ∂Â∫Ñ,5.0,‰∏∫‰ªÄ‰πàÈùûÂæóË¶ÅÂÜô‰∫õ‰ªÄ‰πàÂë¢Ôºü
Cyc751214,Â§ßÂÜ∂,3.0,ËøòË°åÔºå‰∏çÂ§üÁªèÂ∏∏
Á®ãË¥≠Ë¥≠,ÊµéÂÆÅ,5.0,Ë∂ÖÁ∫ßÊêûÁ¨ë„ÄÅÁîµÂΩ±ÊïàÊûúÊå∫Ê£íÔºåÂ∞±ÊòØÂâßÊÉÖÁ©∫Ê¥û Â§™Âø´‰∫Ü„ÄÅ
RWA985663366,Âº†ÂÆ∂Áïå,5.0,ÈùûÂ∏∏Â•ΩÁúãÁöÑÁîµÂΩ±ÔºåÊÉÖËäÇÂæàÊÑü‰∫∫ÔºåÂÖ∂ÂÆûËøô‰∏™ÁîµÂΩ±Â∏¶‰∏äÂ∞èÂßêÂßêÁúã‰πüÊòØÂèØ‰ª•ÁöÑÔºåÂπ∂‰∏çÊòØÂÉèÂÖ∂‰ªñÂä®‰ΩúÁâáÈÇ£Ê†∑Áî∑ÊÄßÂåñ
Jtx509108646,Ê¥õÈò≥,4.5,‰∏çÈîôÔºåÂ≠©Â≠ê‰ª¨ÁöÑÁà±Â•Ω
È©¨ÂÖàÁîü1188,Âõ∫ÂÆâÂéø,5.0,ËøòÂ•ΩËøòÂ•ΩÂìàËøòÂ•ΩËøòÂ•ΩÂìàhigh
Êã•Êå§Â∞èÂ∑∑,ËèèÊ≥Ω,4.5,"‰Ωú‰∏∫‰∏Ä‰∏™ËÉÜÂ∞èÁöÑ‰∫∫ËøòÊòØÊÑüËßâÊúâÂæàÂ§öÂú∞ÊñπÈùûÂ∏∏ÂèØÊÄïÁöÑÔºåÂÖ®Á®ãÁ¥ßÁ¥ßÊäìÁùÄÊúãÂèãÁöÑÊâãÔºåÂØºËá¥ÊúÄÂêéÂá∫Âú∫‰∏Ä‰∏™ÊâãÂæàÁÉ≠‰∏Ä‰∏™ÊâãÂÜ∞ÂáâÂìàÂìàÂìàÂìàÂìà ‰∏çÊØî‰∏çÁü•ÈÅì ‰∏ÄÊØîÊâçÂèëÁé∞ ÊØíÊ∂≤ÊØîÊö¥‰π±Â∏ÖÂ§ö‰∫ÜÂìàÂìàÂìàÂìàÂìàÂìàÂìà Âàö‰ªéÁîµÂΩ±Èô¢Âá∫Êù•ËøòÊúâÁúãËßÅ‰∏ÄÂù®Èªë‰πé‰πéÁöÑÂ∞±ÂÆ≥ÊÄïÁöÑÂêéÈÅóÁóáÂìàÂìàÂìàÂìàÂìà
Êï¥‰ΩìÊù•ËØ¥ ÂâßÊÉÖ‰∏ÄËà¨ ‰∏ªË¶ÅÈù†‰∫∫Áâ©ÊíëÂêß ÁâπÊïàËøò‰∏çÈîô ÊÑüËßâÂ¶ÇÊûú4dÁöÑÂ∫îËØ•‰ºöÊõ¥ÁàΩ Êï¥‰ΩìËøò‰∏çÈîô ÂÄºÂæóÁúã"
ÈìÅÈ™®Êù∞Êù∞,ÂïÜ‰∏ò,5.0,Â•ΩÁúã Áúã‰∫ÜËøòÊÉ≥Âú®Áúã
ÂßöÂïäÂßöÔºöÔºâ,Ë°¢Â∑û,5.0,ÂíåÂÑøÂ≠ê‰∏ÄËµ∑ÁúãÁöÑ‰∏ÄÈÉ®ÂΩ±ÁâáÔºåÈùûÂ∏∏Á≤æÂΩ©ÔºåÂÑøÂ≠êÂæàÂñúÊ¨¢ÔºÅ
zjw254867738,ÈÉëÂ∑û,4.0,Â•ΩÁúã‰∫ÜÔºüÔºüÔºüÔºüÔºü
ÈùíË°´ÁôΩË°£„Å§,ÈïøÊ≤ô,5.0,ÁÇíÈ∏°Â•ΩÁúãÁöÑÔºå
EtN781678721,ÂìàÂ∞îÊª®,4.5,ÂæàÂ•ΩÁúãÁöÑ‰∏ÄÈÉ®ÁîµÂΩ±
Â†µÂ∞èÂÆùË¥ù,Âåó‰∫¨,5.0,ÊØíÊ∂≤Â∏ÖÁàÜ‰∫ÜÔºÅÂ•ΩÁúã(ÔΩ°ÔΩ•œâÔΩ•ÔΩ°)Ôæâ‚ô°
Azj496355055,‰πâ‰πå,4.5,ÊúÄÂñúÊ¨¢Â∞±ÊòØÊØíÊ∂≤Ë∑üËâæËø™Âú®Ê≤≥ËæπÁöÑÂØπËØù‰∫ÜÔºåÊØíÊ∂≤Ë∂ÖÁ∫ßÂèØÁà±ÔºÅÔºÅÊúüÂæÖÁ¨¨‰∫åÈÉ®
QZV681759601,Âê¥Ê±ü,5.0,‰∏™‰∫∫ÊÑüËßâËøò‰∏çÈîôÔºÅ
lzy91605565,Êñ∞ÈÉë,5.0,Êàë‰∏ÄÂºÄÂßã‰ª•‰∏∫ÊØíÊ∂≤‰ºöÊòØ‰∏Ä‰∏™ÂæàÈÖ∑ÁöÑËßíËâ≤ Ë∞ÅÁü•ÈÅìÂ¶ÇÊ≠§ÂèØÁà±
BellyÁôæÈáå,ÊàêÈÉΩ,5.0,ÊØíÊ∂≤ÊòØ‰∏ÄÁßçÊö¥ÂäõÁîµÂΩ±Ôºå‰ΩÜÈúÄË¶ÅÊõ¥Â§öÁöÑÂõæÂΩ¢ÂíåÂÜÖËÑè„ÄÇÊØíÊ∂≤ÂÖ±Áîü‰ΩìÁöÑÊÄßË¥®ÊòØÊíïÊàêÁ¢éÁâáÔºåÁÑ∂ÂêéÁãºÂêûËôéÂíΩÂú∞ÂêÉ‰∏äÁæéÂë≥ÁöÑÂÜÖËÑè„ÄÇÂüÉËø™.Â∏ÉÊ¥õÂÖãÂøÖÈ°ªÈòªÊ≠¢Â§ñÊòü‰∫∫‰ª•ÊúÄÂùèÁöÑÂÜ≤Âä®Ë°å‰∫ã„ÄÇÂΩ±ÁâáËÆ≤Ëø∞‰∫Ü‰∫∫Áâ©‰πãÈó¥ÁöÑÈ••È•øÂíåÂÜÖÂøÉÂÜ≤Á™Å„ÄÇ‰ΩÜÂÆÉÊòØ‰ª•‰∏ÄÁßçÂéãÊäë„ÄÅËΩªÊùæÁöÑÊñπÂºèËøõË°åÁöÑ„ÄÇÊØíÊ∂≤ÈúÄË¶ÅË¢´ËØÑÁ∫ßR„ÄÇÁîµÂΩ±Âà∂Áâá‰∫∫ÂíåÂ∑•‰ΩúÂÆ§Â∫îËØ•‰ªéÊ≠ª‰æçÁöÑÊàêÂäü‰∏≠ÊëòÂΩï‰∏ÄÈ°µ„ÄÇ‰∏çË¶ÅÈôêÂà∂ËßíËâ≤ÔºåÊääÂÆÉÈáäÊîæÁªôËç£ËÄÄ„ÄÇÈÄöËøáËÆæËÆ°ÂéªÈô§ÊØíÊ∂≤„ÄÇËøôÈÉ®ÁîµÂΩ±Âú®Ë°ÄÊ∂≤„ÄÅËÉÜÈáèÂíågoreÊñπÈù¢ÈÉΩÂæà‰∏çÂπ∏„ÄÇ
YSA810900614,Ê≠¶Ê±â,3.0,ÊÑüËßâ‰∏ÄËà¨Ëà¨Âï¶ÔºÅ
ZlÂüéÂ∏ÇÂ∞èÈ°ΩÁöÆ,ÈÅµÂåñ,5.0,ÂæàÂ•ΩÁúãüòäÔºåÂæà‰∏çÈîô
Mr.‰ºòÊ†º,ÂåÖÂ§¥,5.0,Â•ΩÈÄó   ‰∫åÂà∑  Â•ΩÊ£í
Â§©‰∏çÊÆá,ËéíÂçó,5.0,Â§öÊ¨°Êù•‰∫ÜÔºåÂæàÊ£í
ÊàëÁà±Èò≥ÂÖâ0000,ÊµéÂçó,5.0,Ëá™Âä©ÂèñÁ•®Êñπ‰æøÂø´Êç∑
WsZ507276305,Ê¢ÖÂ∑û,5.0,Â•ΩÁúãÂ•ΩÂ•ΩÁúãÁúã
ÂîØ‰∫àÂ¶≥,Êâ¨Â∑û,5.0,ÊúâÁÇπË∂ÖÁ∫ßÊêûÁ¨ë
Â∞èÈπøÈπøÔºÅÔºÅÔºü,Ê≤≠Èò≥,5.0,Ë∂ÖÁ∫ßÂ•ΩÁúãÔºåÊØíÊ∂≤Â•ΩÂèØÁà±
knU591202073,ÂëºÂíåÊµ©Áâπ,5.0,ÊâìÊñóÂú∫Èù¢ÂÜçÂ§ö‰∏ÄÁÇπÂ∞±Â•Ω‰∫Ü
Â≤ÅÊúà‰∏éÊ≠åÈ¢ÇËÄÖ,Â∑¥ÂΩ¶Ê∑ñÂ∞î,4.0,3dÁú©ÊôïÁóá‰º§‰∏çËµ∑  ÂΩ±ÁâáÂæà‰∏çÈîô
‰π¶Êòï‰π¶Êòï,ÊâøÂæ∑,5.0,Ë∂ÖÁ∫ßÂ•ΩÁúã ÊØíÊ∂≤ÂæàÂèØÁà±ÔºÅ
Â∏ÖÈîÖÂ∞èÊù∞,‰πåÈ≤ÅÊú®ÈΩê,5.0,ÁâπÂà´ÂñúÊ¨¢ÊØíÊ∂≤ Â•ΩÁúã Á≤æÂΩ©
MrÂº†c,Áü≥ÂÆ∂Â∫Ñ,3.0,Ê≤°‰ªÄ‰πàÂâßÊÉÖÁöÑ
Hod3816346,ËçÜÈó®,5.0,Ëøô‰∏™Áúã‰∫ÜÁöÑËßâÂæóËøòÁúüÁöÑ‰∏çÈîô„ÄÇ‰∏çËÉΩÊòØÊºîÊäÄ‰∏äËøòÊòØËßÇÊÑü‰∏äÁúüÂøÉÈÉΩ‰∏çÈîô„ÄÇÁÑ∂ÂêéÊ®™Â∫óÂΩ±Èô¢Âéª‰∫ÜnÂ§öÊ¨°„ÄÇÊØè‰∏ÄÊ¨°ÈÉΩÊ≤°ËÆ©ÊàëÂ§±ÊúõËøá„ÄÇËÄå‰∏îÁ¶ªÊàëÂÆ∂Ëøë„ÄÇÊâÄ‰ª•ÊØèÊ¨°ÁúãÁîµÂΩ±ÈÉΩÊòØÈ¶ñÈÄâÊ®™Â∫ó„ÄÇüëçüëçüëçÊúüÂæÖÊúâÊõ¥Â•ΩÁöÑÁîµÂΩ±ÔºåÁÑ∂ÂêéÔºåÊØè‰∏ÄÊ¨°ÈÉΩ‰∏ç‰ºöÊîæËøá„ÄÇ
epg766141111,ÈÉΩÊ±üÂ†∞,4.0,ËøòÂèØ‰ª•ÔºåËøòÂèØ‰ª•
Á±≥Â•á.u,Êó†Èî°,5.0,ÂÆûÂú®ÊòØÂ§™Â•ΩÁúãÂï¶ÂñúÊ¨¢
JDA600572793,ÂºÄÂ∞Å,5.0,Êå∫Â•ΩÁúãÁöÑ„ÄÇ
Rascal928,ÂìàÂØÜ,5.0,ÁâπÂà´ÊîíÂä≤ÔºåÔºåÔºåÔºå
Â§ß‰πà‰πàÔΩû,ÂìàÂ∞îÊª®,5.0,ÂæàÂ•ΩÁúãÂæàÂ•ΩÁúã
Mxs13861855209,Êó†Èî°,4.5,Êº´Â®ÅËø∑ÔºåÊúüÂæÖÁ¨¨‰∫åÈÉ®
lfy1987111,Â§©Ê¥•,4.0,ÔºÅÁ≤æÂΩ©ÔºÅÔºÅÔºÅÔºÅÔºÅÔºÅ
FxU808537728,ÂåóÊµ∑,5.0,ÊØíÊ∂≤ÂèØÁà±Âïä  Âê¨ËØ¥ÊúâÂ∏¶Â∞èÂ≠©ÂéªÁúãÂì≠‰∫ÜÁöÑ  ÊòéÊòé‰∏çÂ∫îËØ•ÊòØÈÇ£‰∏™ÂâßÊÉÖÂïä ËøòÊÉ≥ÂÜçÁúã
oÈòøÁã∏,ÊôãÊ±üÂ∏Ç,5.0,ÂæàÂ•Ω„ÄÇÂæà‰∏çÈîôÊº´Â®ÅÁ≤â‰∏ù‰∫ÜËß£‰∏ã
ÂÖ≥ÊúàÂ®•,ÊπõÊ±ü,5.0,Êå∫ÊêûÁ¨ëÔºåÂ•ΩÁúãÔºåÊúüÂæÖ‰∏ã‰∏ÄÈÉ®„ÄÇ
ËøòÊòØÂçäÊùØÈÖí,Ê≠¶Ê±â,4.5,ÊÉÖËäÇÁÆÄÂçïÔºåÁîªÈù¢Á≤æÂΩ©ÔºåÂÄºÂæóÂàÜ‰∫´ÔºÅ
lrl434591707,ÊîÄÊûùËä±,5.0,Ë∂ÖÁ∫ßÂ•ΩÁúã Â•ΩÂñúÊ¨¢ÊØíÊ∂≤
llcw0717,Ê°ê‰π°,4.0,ËøòË°åÂêß„ÄÇÊúâ‰∏ÄÁÇπÁÇπÈáçÂè£
Wba719379354,ÊàêÈÉΩ,4.5,ËøòÊòØÂæàÂ•ΩÁúãÁöÑÔºÅÊàëÂ∞±ÊòØÂñúÊ¨¢ËøôÊ†∑‰∫¶Ê≠£‰∫¶ÈÇ™ÁöÑËã±ÈõÑ
Èì∫Êª°È≤úËä±ÁöÑË∑Ø,ÊòÜÊòé,5.0,ÊØíÊ∂≤Â∞èÂèØÁà±ÔºåÊúüÂæÖÁ¨¨‰∫åÈÉ®ÔºÅ
Èü©Êïè1988,Ê∑±Âú≥,5.0,ÊÉäÊÇöÁâáÊÑ£ÊòØÁúãÊàê‰∫ÜÊêûÁ¨ëÁöÑ
ÊüöÊüöÊüöÊüöÂ≠ê111,ÂÆùÈ∏°,5.0,üòÇüòÇüòÇüòÇüòÇüòÇ
Bpy472950186,Ê¢ÖÂ∑û,4.0,"ÁîµÂΩ±ÁâπÊïàÈùûÂ∏∏ÁâõÊé∞ÔºåÊØíÊ∂≤ÁâπÂà´Âá∂ÊÇçÈú∏ÈÅìÔºåÂá∫Êù•ÁöÑÊó∂ÂÄô‰ª•‰∏ÄÊïåÁôæÁöÑÁîªÈù¢ÁâπÂà´ÈúáÊíº„ÄÇÂèØ‰ª•ËØ¥ÊòØÊº´Â®ÅÁîµÂΩ±ÈáåÈù¢Êï∞‰∏ÄÊï∞‰∫åÂº∫Â§ßÁöÑËã±ÈõÑ‰∫Ü(ÂèçËã±ÈõÑÔºâ„ÄÇÂâßÊÉÖËµ∞Âäø‰∏ÄËà¨ÔºåÂèØËÉΩÊòØÂÆòÊñπÂâ™ËæëÔºåÊÑüËßâÂâßÊÉÖ‰∏çÊµÅÁïÖ„ÄÇËÄå‰∏îÊïÖ‰∫ã‰∫§‰ª£‰∏çÊòéÁ°Æ
Êàë‰π∞Á•®Êâç20ÂùóÂïäÔºåÊâæÂà´‰∫∫‰π∞ÁöÑ„ÄÇ"
Q‰πÖ‰ª∞,ÂçóÊòå,5.0,Á¨¨‰∏ÄÊ¨°ÁúãËøôÁßç ÁÑ∂ÂêéËßâÂæóÁâπÊïàËÇ•ËÄå‰∏çËÖª ÈÇ£‰∏™Áî∑‰∏ª‰∏çÊòØÁâπÂà´Â∏ÖÂ∞±ÊòØÁâπÂà´ÁâπÂà´ËÄêÁúãüôä
Á§ºÊñØ,Áü≥ÂÆ∂Â∫Ñ,5.0,Âæà‰∏çÈîôÔºåÊúüÂæÖ‰∏ã‰∏ÄÈÉ®
_qqms41436550965,Áü≥ÂÆ∂Â∫Ñ,4.0,‰∏ÄÂºÄÂßãËÆ§‰∏∫ÂæàÂÆ≥ÊÄïÁöÑ ‰πãÂâç‰∏ç‰ºöÁúãËøôÁ±ªÁîµÂΩ± ÁúãÂÆå‰πãÂêéËßâÂæóÁúüÁöÑÊå∫Â•ΩÁöÑ ÊØíÊ∂≤ÁúüÁöÑÂ•ΩÂèØÁà±
AWÁÑ∂ÁÑ∂,ÁÑ¶‰Ωú,5.0,ÁúãÁöÑÊÉäÂøÉÂä®È≠Ñ
Bwn18853882695,ÊµéÂÆÅ,5.0,ÊÑüËßâËøòÂèØ‰ª•ÔºåÁº∫Â∞ëÁÇπÂâßÊÉÖÂíåÊâìÊñó
Â¶çÂÆùÂÆùËÇâÂ§öÂ§ö,Ë•øÂÆâ,2.5,ÁÆÄÁõ¥Â§±ÊúõÔºÅÁúüÁöÑÊòØ
ÊúõÂ§ïÈõ®,ÊòÜÊòé,4.5,ÂÜ≤ÁùÄÈ´òÂàÜÂéªÁúãÁöÑ ÁöÑÁ°ÆÂæà‰∏çÈîô
ÈòøÊõºËææ117,Â§©Ê¥•,5.0,Â•Ω‰∫∫ÊàòËÉúÂùè‰∫∫ Êå∫Â•ΩÁöÑ ÂÄºÂæó‰∏ÄÁúã
zhubin19900929,Ê≠¶Ê±â,3.5,ÂâßÊÉÖ‰∏ÄËà¨Ëà¨ÔºåÂΩ±Èô¢ÊïàÊûúÂèØ‰ª•ÔºåÊØîËæÉÈúáÊíº„ÄÇ
LLF0504,Êñ∞ÈÉë,4.5,Â•ΩÁúã„ÄÇ„ÄÇ„ÄÇ„ÄÇ„ÄÇ„ÄÇ„ÄÇ„ÄÇ„ÄÇ
ixm233730307,ÂπøÂ∑û,5.0,ÁîµÂΩ±ÁâπÂà´Â•ΩÔºåÂè™ÊòØÁúãÊó∂ÁöÑÁéØÂ¢ÉÂº±ÁàÜ‰∫Ü
‰∏çÊõæ‰∏∫Ë∞ÅÂÅúÁïô,ÂêàËÇ•,5.0,‰∏çÈîôÔºåÂâßÊÉÖÁâπÊïàÈÉΩËõÆÂ•ΩÁöÑ
liZ934844467,‰ºäÂÆÅ,4.0,Â•ΩÁúã ÂñúÊ¨¢ OK ËøôËØÑËÆ∫Â°´‰∏çÊª°‰∫Ü
jFq873953410,Ê∑ÆÂÆâ,4.5,‰∫∫Áâ©Ë£ÖÈ•∞ÈùûÂ∏∏ÂñúÊ¨¢
FPH134962572,ÈÑÇÂ∞îÂ§öÊñØ,5.0,Âæà‰∏çÈîôÔºåÊØíÊ∂≤ÂæàËêå„ÄÇ
‰∏øÔºå‰ø°‰ª∞,Ê≤àÈò≥,5.0,üòéÂ∞±ÂÆå‰∫Ü„ÄÇ„ÄÇ„ÄÇ„ÄÇ
zt1094353220,ÊòÜÊòé,5.0,Âæà‰∏çÈîôÁöÑÁîµÂΩ±„ÄÇ
XLh822365324,Ê≤àÈò≥,4.0,ËÄÅÁà∑Â≠êÈÅõÁãóüê∂
zZs843255283,‰∏úËéû,5.0,ÂæàÂ•ΩÁúãÁöÑ‰∏ÄÈÉ®ÁîµÂΩ±
Ëæ£ÊâãËë±Ëë±È∏≠,Ê≠¶Ê±â,4.5,Â•ΩÁúãÁöÑÁîµÂΩ±Âïä
ÊâøÂΩ±,Ê¥õÈò≥,4.0,ÊúÄÂêé‰∏ÄÊ¨°ËßÅÊñØÂù¶Êùé?‰∏ç‰∏ç‰∏ç ËøòÊúâÊú∫‰ºöÁöÑ„ÄÇÊº´Â®ÅÊúÄÂ§ßÂΩ©Ëõã
pKY520251153,ÊàêÈÉΩ,4.5,Â•ΩÁúãÔºåÁúüÂ•ΩÁúã
mFw465343169,Â∏∏ÁÜü,5.0,ÁàΩÂïäÔºÅÂè£Á¢ë‰∏çÂ•ΩÊòØÂΩ±ËØÑ‰∫∫Ë¶ÅÊ±ÇÂ§™È´ò‰∫ÜÂêóÔºüÔºüËøôÁâπÊïàÂíåÊÉäÊÇöÊÄßÂÆûÂú®Â§™Ê£í‰∫ÜÔºå‰∏ÄÁÇπÊ≤°ËÆ©ÊàëÂ§±Êúõ„ÄÇÊØíÊ∂≤ËøòÊòØ‰∏™ÈÄóÊØîÂ±ûÊÄß‰πüÁúüÊòØÂçÅÂàÜÊúâË∂£Ôºå‰ªéÂ§¥Âà∞Â∞æÁ°ÆËÆ§ÊòØÊØíÊ∂≤ÂíåEddieÁöÑÁà±ÊÉÖÊïÖ‰∫ãÊó†ËØØ„ÄÇÊ±§ËÄÅÊπøÊºî‰∏ªËßíÊòØÊÄé‰πàÈÉΩ‰∏ç‰ºöÈîôÁöÑÔºåÂú®ËøôÈáåÁúüÊòØË†¢ËêåÂèØÁà±ÂèàÊÄßÊÑü„ÄÇ‰∏§‰∫∫Âêà‰ΩìÂíåÊØíÊ∂≤Áé∞Ë∫´ÁöÑÂú∫Èù¢Â§™ÂéâÂÆ≥Â§™ÈÖ∑ÁÇ´‰∫Ü„ÄÇÂßÜÁà∑ÁöÑ‰∏ªÈ¢òÊõ≤‰πüÊòØË∂ÖÁ∫ßÁà±‰∫Ü„ÄÇËøòÊúâÊúÄÂêéÁöÑÂΩ©Ëõã‰ºçËø™ÈÇ£ÊäπÈÇ™È≠Ö‰∏ÄÁ¨ëÁúãÂæóËøáÁòæÂïäÔºÅÁúã‰∏ÄÈÅç‰∏çÂ§üÁàΩË¶ÅÁªßÁª≠‰∫åÂà∑‰∏âÂà∑ÔºÅÂìéÂëÄÂ¶àÂëÄ„ÄÇ
Changeable7,ÈìÅÂ≤≠,5.0,oh year
Oky938614626,ÂçóÂÆÅ,4.5,ÊØíÊ∂≤Â§™ÂèØÁà±‰∫ÜÂêß
ÊÅ¨ÂÆπÂçø,ÁõëÂà©,5.0,‰∏™‰∫∫ÊØîËæÉÂñúÊ¨¢ËøôÁßçÁ±ªÂûãÁöÑÁîµÂΩ±ÔºåÂæàÂñúÊ¨¢
ÂøçËÄÖÂáØÁâπ,ÈÉëÂ∑û,5.0,emmmmË¥ºÂ•ΩÁúã
roy828276792,‰∏äÊµ∑,5.0,Êå∫‰∏çÈîôÁöÑÁîµÂΩ±
Ëìù‰ΩôÁáïÂ∞èÈªÑËä±„ÄÇ,Ë°¢Â∑û,5.0,ÈùûÂ∏∏Â•ΩÁöÑÂë¢ÔºåÔºåÔºåÔºåÔºåÔºåÔºå
Êµ©Â≤≥‰∏¥Ê≥¢,ÂÆúÂÆæ,5.0,ÁîµÂΩ±‰∏çÈîô   Á¨¶ÂêàÊúüÊúõ
QÊã©‰∏ÄÂüéËÄåÁªàËÄÅ,ÂÆúÊòå,3.5,Â∏ÆÂêå‰∫ã‰π∞ÁöÑÔºåÂêéÈù¢Âè¶Â§ñÂÜçÁ∫¶‰∫ÜËåÉËåÉ‰∏ÄËµ∑Áúã„ÄÇ
shenqiang,Âçó‰∫¨,5.0,Â•ΩÁúãÔºåÂíåÂè¶Â§ñ‰∏Ä‰∏™Ë∞Å‰∏ÄËµ∑ÁúãÁöÑ
Â•ΩÂ•áÊÄ™ÁöÑÂ†ÜÂ†Ü,Ê±ïÂ§¥,4.5,ÊØíÊ∂≤Ë∂ÖÁ∫ßnice
excellentym666,ÈæôÊµ∑,3.5,ÂâßÊÉÖ‰∏ÄËà¨ÔºåÁîöËá≥ÊúâÁÇπÊãñÊ≤ì„ÄÇ‰ΩÜÁâπÊïà‰∏çÈîôÔºå‰øùÊåÅ‰∫ÜÁßëÂπªÂä®‰ΩúÁâáÁöÑÊ∞¥ÂáÜ„ÄÇ
Hpo186943691,ÂÖ∞Â∑û,5.0,Â∏¶ÁùÄËÄÅÂÖ¨Â≠©Â≠êÂéªÁúãÁöÑÔºåÈùûÂ∏∏‰∏çÈîôÁöÑÁîµÂΩ±ÔºåÁîµÂΩ±Èô¢ÁöÑÁéØÂ¢ÉËÆæÊñΩ‰πüÁõ∏ÂΩì‰∏çÈîôÔºå
Êô®ÁªÉÁãÇÈ≠îÁéãËÄÅ‰ºØ,Ë•øÂÆâ,5.0,Â•ΩÊØíÔºÅÔºüÔºüÔºü
ÈôÜÊµÆÂéù,Ê∫ßÈò≥,5.0,Â∏åÊúõ‰∏çË¶ÅÂà†Âáè
dkW470381884,Ê∑±Âú≥,2.5,ÊÉÖËäÇÂçïËñÑÔºåÊÑüËßâÈô§‰∫ÜÁâπÊïà‰πüÊ≤°‰ªÄ‰πàËÆ©‰∫∫ÊÉäËâ≥ÁöÑÂú∞Êñπ
ÈÇìÁ¥´Ê£ãÁâåÂÆ§ÔºÅ,ËãèÂ∑û,4.5,Âº∫ÁÉàÊé®ËçêÔºÅÂÄºÂæó‰∏ÄÁúãÔºÅÔºÅ
Á•ÅÁßâÁé∫,ÂëºÂíåÊµ©Áâπ,4.5,ÊØíÊ∂≤Á´üÁÑ∂ÂèØ‰ª•Ëøô‰πàÂèØÁà±
ndclove,ÂêØ‰∏ú,5.0,ÂæàÂñúÊ¨¢ËøôÈÉ®ÂΩ±ÁâáÔºåÊúüÂæÖ‰∏ãÈõÜ
YaYa0757,‰ΩõÂ±±,4.0,"ÁâπÊïàËøòÊòØ‰∏çÈîô
ÂèØÊòØÁªìÂ±ÄËøáÂ∫¶‰πü‰∏çÂ§™Â•Ω
ÊÑüËßâÊ≤°Êâìboss‰∏ÄÊ†∑"
Âêë‰∏úÊòØÂ§ßÊµ∑,Ê≤≠Èò≥,5.0,ÂæàÂ•ΩÂæàÂ•ΩÂæàÂ•Ω
ÊàëÂè´Áéã‰∫åÁãó,Ê±ïÂ§¥,5.0,ÂæàÂ•ΩÁ¨ëÔºåËõÆÂèØÁà±ÁöÑ
Ëá™‰ø°ÊÑü,Êñ∞‰π°,2.0,Ê≤°ÊúâÊÉ≥Ë±°‰∏≠ÈÇ£‰πàÂ•Ω ÂáëÊ¥ª
ÂçñÂè§Ëë£ÁöÑËÄÅÁà∑Áà∑,ÂÆúÊò•,3.5,Ëøò‰∏çÈîôÔºåÂ•ΩÁúãÁöÑÁàÜÁ±≥Ëä±ÁîµÂΩ±
jKy576737274,ÂπøÂ∑û,3.0,ËøòÂ•ΩÂêßÔºåÁúãÁúãÂä®‰Ωú
lEC870936189,Âé¶Èó®,5.0,ÁúãÁùÄÊå∫‰∏çÈîôÁöÑÔºåÊúüÂæÖ‰∏ã‰∏ÄÈÉ®ÔºÅ
ÁôΩÂè§Ê•û,ÂÖ¥ÂÆâÁõü,5.0,ÂæàÂ•ΩÁúãÔºåÊØíÊ∂≤ÂæàÂèØÁà±ÂìàÂìàÂìà
ljz991019,ÂåÖÂ§¥,5.0,ÂæàÂ•ΩÁúãÂæà‰∏çÈîôÔºåÂÄºÂæó‰∏ÄÁúã
YxH392560687,Â∏∏Â∑û,5.0,Ëá™Ë∫´ÁÆóÊòØÂçä‰∏™Êº´Â®ÅÁ≤âÂêßÔºåÊâÄ‰ª•‰∏ÄÂºÄÂßãÂ∞±ÂæàÊúüÂæÖÔºåÊûúÁÑ∂‰πüÊ≤°ËÆ©Êàë‰ª¨Â§±Êúõ„ÄÇÁîµÂΩ±ËæÉÊº´ÁîªÊîπ‰∫Ü‰∏çÂ∞ëÔºåÊää‰∏ªËßíÈÉΩÊîπÊàê‰∫ÜÊ≠£Èù¢ÂΩ¢Ë±°Ôºå‰ΩÜÊòØÂæàÂ•ΩÁúã„ÄÇ
ÈáëÂíåÈ£é,Âè∞Â∑û,5.0,Â•ΩÂ•ΩÁúãÁöÑtoo
gmW961879000,ÈÉ¥Â∑û,5.0,Â•ΩÁúã ÁªôÂäõ Âà∫ÊøÄ
pPq193106234,Áß¶ÁöáÂ≤õ,5.0,ÊØíÊ∂≤Â§™ÂèØÁà±‰∫Ü
kQG872736852,ÊòÜÊòé,3.5,ËøòÂèØ‰ª•ÔºåÁâπÊïàÂ•ΩÊïÖ‰∫ãËÄÅÂ•ó
lzd902964295,ÂπøÂ∑û,5.0,ËßâÂæóÊòØÊå∫Â•ΩÁúãÁöÑ
Aaaaaasaaaa,Ê±â‰∏≠,3.5,ÁâπÊïà‰∏çÈîôÔºåÊå∫ÂñúÊ¨¢ÁöÑ
Á¨ëËÑ∏ËéπËéπÊöóÈ¶ôÂéª1,ÈÉëÂ∑û,4.5,ÂâçÈù¢ÁöÑÂêìÂæó‰∏çÊï¢ÁúãÔºåÊÖ¢ÊÖ¢ÁöÑÊêûÁ¨ëÂÜ≤Ê∑°‰∫ÜÊÅêÊÉßÔºå‰∏çÈîôÔºåÂÖ®Á®ãÈÉΩÊúâÁúãÁÇπüòä
hBH104328444,‰∏äÊµ∑,4.0,ÂèØ‰ª•ÁúãÁúãÁöÑÁîµÂΩ±
aBl581631046,Âåó‰∫¨,4.5,ÂæàÂ•Ω„ÄÇ„ÄÇ„ÄÇ„ÄÇ„ÄÇ„ÄÇ„ÄÇ
ÁªÉÁëú‰ºΩÁöÑËÄÅËôé,Âåó‰∫¨,4.0,Ê†áÂáÜÁàÜÁ±≥Ëä±ÁîµÂΩ±
Áé©ÂòöÂ∞±ÊòØËäØË∑≥,ÊâøÂæ∑,4.5,Â•ΩÂó®Âë¶ÔºåÊÑüËßâ‰∫∫ÁîüËææÂà∞‰∫ÜÈ´òÊΩÆ„ÄÇ
ghost94wo,ËäúÊπñ,4.0,ÂâßÊÉÖ‰∏çÈîôÔºå‰∏ª‰∫∫ÂÖ¨ÂíåÊØíÊ∂≤Ëûç‰∏∫‰∏Ä‰ΩìÂéªÊ∂àÁÅ≠Âùè‰∫∫ÔºåÁâπÊäÄÊù†Êù†ÁöÑ
ËøôÊòØ‰∏ÄÁßçËäÇÂ•è,ÈÉëÂ∑û,2.5,Âæà‰∏ÄËà¨ÔºåÂâßÊÉÖË∑≥ÁöÑÊúâÁÇπÂø´
ÁÑ∂babyË∂ÖÁ∫ßÂèØÁà±,Èì∂Â∑ù,5.0,Â•ΩÁúãÔºÅÔºÅÔºÅÔºÅ
ÈòøÁîØ„ÄÅ,Âè∞Â∑û,4.0,ÁàÜÁ±≥Ëä±ÁîµÂΩ±ÔºåÁúãÁúãÁÉ≠Èóπ‰∏çÈîô
ÊÆã415,ÊàêÈÉΩ,4.5,Â•ΩÁúãÂ•ΩÁúãÂ•ΩÁúã
bgA877736222,Ê≤àÈò≥,5.0,Â•ΩÊãâÈ£éÂïäÂïäÂïäÂïä
ZLY_YSH,ËæΩÈò≥,3.5,‰∏ÄËà¨Ëà¨ÔºåÂ§ñÂΩ¢Â§üÁã∞ÁãûÁöÑ
JIARENDIYI,‰ΩõÂ±±,5.0,Âú®ÁîµÂΩ±Èô¢ÁöÑ‰∫åÂà∑
yHf13687294672,Ë•ÑÈò≥,5.0,ÈùûÂ∏∏Â•ΩÁúãÁöÑ‰∏ÄÈÉ®ÁîµÂΩ±
Âº†ÂáØÁöÑÂõ¢,Ë•øÂÆÅ,5.0,Êå∫Â•ΩÁúãÁöÑÔºå‰∏çÈîô
ÊüîÊÉÖÁ≥ªÊàëÂçäÁîü,Á¶èÂ∑û,5.0,ÂæàÈúáÊíºÔºåÂÄºÂæó‰∏ÄÁúãÔºÅ
‰πê‰πêÓêô,Ë°°Ê∞¥,5.0,ÊØíÊ∂≤Â§™ÂèØÁà±Âï¶„ÄÇ„ÄÇ
ÂäâÈõÖÁèä623,Ê∑±Âú≥,5.0,ÊØíÊ∂≤ÂæàÂèØÁà±„ÄÇ„ÄÇ
biw542904889,Â§ßÂêå,1.5,ÂâßÊÉÖÊãñÊãâ ÈöæÁúã
Calvin,ÂπøÂ∑û,5.0,Âè™ËÉΩËØ¥Ôºå‰ªéÊù•Ê≤°ÊúâËÆ©ÊàëÂ§±ÊúõËøá
Â©∑Â©∑2016320,ÂçóÂÆÅ,4.0,ÂéªÊôö‰∫ÜÔºåÂâçÈù¢ÁöÑÊ≤°ÊúâÂæóÁúãÔºåÈÇ£‰∏™‰∏úË•øÁà¨Âá∫Êù•ÁöÑÊó∂ÂÄôÊúâÁÇπÊÅ∂ÂøÉÔºåÊúâÁÇπÊÅêÊÄñÔºå‰ΩÜÊòØÂêéÈù¢ÁöÑÂØπËØù‰∏≠ÂèàËßâÂæóÊå∫ÊêûÁ¨ëÁöÑÔºåÁªìÂ±Ä‰πüÊå∫Â•Ω„ÄÇËøò‰∏çÈîô„ÄÇ
Desperatedate,ÂÖ∞Â∑û,5.0,ÁàΩÊ≠™Ê≠™ÔºåË∂ÖÁ∫ßÂ•ΩÁúã
Â¥îÁèèÂ§ß‰∫∫,ÂêàËÇ•,0.5,ÊàëÊ≤°ÁúãÊàëÈÉΩÁü•ÈÅì‰∏çÂ•ΩÁúãÔºÅÂõΩ‰∫∫ÁöÑËâ∫ÊúØÈâ¥ËµèËÉΩÂäõÂ§™Â∑Æ‰∫Ü
rzf601054472,ÂêàËÇ•,4.0,Êå∫Â•ΩÁúãÁöÑÔºåÊÑüËßâÊÑèÁäπÊú™Â∞ΩÔºÅÔºÅÔºÅ
GAW982005508,Êù≠Â∑û,5.0,Â•ΩÁúãÁöÑÂæà‰∏çÈîôÁöÑÂë¢
IgO440510057,Ê≠¶Ê±â,5.0,ÂæàËµûÔºåÂÄºÂæóËßÇÁúã
CvN997292377,ÂπøÂ∑û,5.0,Êå∫Â•ΩÁöÑÔºåÂ∏åÊúõÊõ¥Â•Ω
esm759197966,ÈïøÊò•,4.0,Âà†Â§™Â§ö‰∫ÜÔºåÂæàÂ§öÊúâË∂£ÁöÑÂú∞ÊñπÈÉΩÊ≤°‰∫ÜÔºå
ÈöèË®ÄÈ£éÊ∏Ö,‰∏äÊµ∑,5.0,ÂâßÊÉÖÁøªËΩ¨Â§™Âø´ÔºåÊêûÁ¨ëÂ∫¶ËøòÂèØ‰ª•ÔºÅÂõ†‰∏∫ÊòØÊº´Â®ÅÁöÑËã±ÈõÑÔºåËøòÊòØÂÆåÁæéÊîØÊåÅ‰∏Ä‰∏ãÔºÅ
ÂèñÂêçÂ≠óÊàë‰∏ç‰ºöÂïä,ÂçóÂÆÅ,5.0,Â•ΩÁúãÂ•ΩÁúãÂ•ΩÁúã
Á≠±Á≠±0923,Á¶èÂ∑û,4.5,ÂæàÂ•ΩÂïäÔºåÁúãÁùÄÊå∫Âà∫ÊøÄÁöÑ
‰∫∫ÊΩÆÊìÅÊì†ÊàëË©≤Èõ¢Èñãi,Â§ßÂ∫Ü,5.0,Ë∂ÖÁ∫ßÂ•ΩÁúã„ÄÇ„ÄÇ„ÄÇ„ÄÇ
sAp458874175,Ê°ê‰π°,5.0,‰∫ÜÂêóÔºüÔºüÔºüÔºüÔºü
VnX988123619,Âçó‰∫¨,5.0,Â•ΩÁúãÂ•ΩÁúãÂ•ΩÁúãÂ•ΩÁúãÂ•ΩÁúãÂ•ΩÁúã
HDl13838910111,ÁÑ¶‰Ωú,4.0,‰∏ÄÈÉ®Â•ΩÁúãÁöÑÁîµÂΩ±
dawn.1128,Ë•øÂÆÅ,5.0,ÂæàÂ•ΩÁúã
sxd608,Êó†Èî°,5.0,Ë∂ÖÁ∫ßÂ•ΩÁúãÔºåÂ∫îËØ•ÁÆóÂæó‰∏äÊòØÊñ∞ÂÆ†
Ê∞¥ÂÖ∞ÂÑø1,ÂåÖÂ§¥,5.0,Â∑®Â•ΩÁúãÔºÅÊØíÊ∂≤ÂêåÂøóËêåËêåÂìí\(//‚àá//)\
zhang2016011425,ÂìàÂ∞îÊª®,5.0,ÁúüÂ•ΩÔºÅÁúüÂ•ΩÔºÅÁúüÂ•ΩÔºÅ
Êó†ÊïåËÇ•Áìú,Êµ∑Âè£,1.5,ÂÖ®ÂâßÊó†‰∫ÆÁÇπÔºåÂâßÊÉÖÁúãÂÆåÊ≤°Êúâ‰ªª‰ΩïËÆ∞ÂøÜÁÇπÔºåËõÆÁÉÇ‚Ä¶‚Ä¶
ÊùéÁ§ºÊú®Â≠ê,ÊàêÈÉΩ,3.5,ÂΩ©ËõãÊúâÊÉäËâ≥Âà∞Âë¢
VhJ709874898,Â∏∏Â∑û,5.0,Êå∫Â•ΩÁúãÁöÑ  ‰∏çÈîô
ÂõΩÊ∞ëÂ≥∞Â≥∞ÈÖ±,ÈÉëÂ∑û,3.5,‰∏çËÉΩË∑üÂ§çËÅîÁ≥ªÂàóÊØî‰∫Ü
huangjiarong3,È°∫Âæ∑,4.0,Á¥ßÂº†Âà∫ÊøÄÔºå‰∏çÈîôÁöÑÔºÅ
BoATayS,ÈíüÁ••,5.0,ÂæàÂ•ΩÁúãÔºåÂæàÂñúÊ¨¢
Èõ™Ê¢¶ÊöóÁæΩ,Ê±†Â∑û,5.0,Â•ΩÁúãÂêß„ÄÇ„ÄÇ„ÄÇ„ÄÇ
ÊØîÁ¨ëÈòø,ÁôæËâ≤,5.0,Â•ΩÁúãÊØíÊ∂≤Â§™ÂèØÁà±‰∫ÜÂè≠
ÂêéÈÅóÁóáËÄ∂,Êù≠Â∑û,5.0,Ë°åÔºåÂ•ΩÁúãÂïäÂìà
Ë•øÁ∫¢Â∑ø,ÊÉ†Èò≥,5.0,‰∏ÄËà¨Ëã•ÈöêËã•Áé∞
Âë®Èò≤Â§™Â§™ÁöÑËìùÊñúÈ£û,ÈùíÂ∑û,5.0,Ë∂ÖÂ•ΩÁúãÁöÑÔºÅÔºÅÔºÅÔºÅ
‰ø°Â≠ê,‰∏äÊµ∑,4.5,ÊØíÊ∂≤ÁúüÁöÑ‰∏ëËêå‰∏ëËêåÁöÑÔºåÂéüÊú¨‰ª•‰∏∫ÊòØ‰∏™ÁéãËÄÖÊ≤°ÊÉ≥Âà∞ÊòØ‰∏™loser
rMt629075874,Âåó‰∫¨,5.0,Â•ΩÁúãÔºåÔºåÔºåÔºåÔºå
KEN459,Âåó‰∫¨,5.0,ÁâπÂà´Â•ΩÁúãÔºåÊàë‰πüÊÉ≥Âèò
YOUBIBI,ÊªïÂ∑û,3.5,ÊÉÖËäÇÂØ°Ê∑°ÔºåÊïÖ‰∫ãÊÄß‰∏çË∂≥ÔºåÂÖ∂‰ªñÊñπÈù¢ÈÉΩÊå∫Â•ΩÁöÑ„ÄÇ
_qqwtn1320215348,‰∏äÊµ∑,4.0,ÊÄª‰ΩìÊù•ËØ¥ÔºåËøòÂèØ‰ª•ÔºåÊïÖ‰∫ãÊÉÖËäÇÂæàÁ¥ßÂáëÔºå‰∏çÁü•‰∏çËßâÂ∞±Âà∞ÁªìÂ∞æ‰∫Ü
ÁïÖÂì•Ôºå‰Ω†Â•Ω,Êµ∑Âè£,5.0,‰∏çÈîôÔºåÂæàÊòØÁÇ´ÈÖ∑ÁöÑ
Ë∂Ökris168,ÈïøÊ≤ô,5.0,Â•ΩÁúã‰∏çÂêå‰∫éÂÖ∂‰ªñ Ëã±ÈõÑÁîµÂΩ±
XÂ∞èËø∑Â¶π„ÄÇ,ÂπøÂ∑û,4.5,Â•ΩÁúãÂï¶„ÄÇ„ÄÇ„ÄÇ„ÄÇ„ÄÇ
CMM0206,Ê∏©Â≤≠,5.0,‰∏çÈîô‰∏çÈîô‰∏çÈîô
Èí∞ÁÑ°Ê∑ö,Ê≥∏Â∑û,4.0,Â§™Âπ≥Ê¥ãÁöÑÊåâÊë©Ê§ÖÂÆâÈÄ∏ÔºåÂìàÂìàÂìà
ÂÖ≠ÊúàÁöÑ2620,ÈÉΩÊ±üÂ†∞,5.0,‰∏çÈîô‰∏çÈîôÔºåÊÑüËßâÁúü‰∏çÈîô
_qqh4n1443321564,Âçó‰∫¨,5.0,Êå∫Â•ΩÁúãÁöÑÔºåËøò‰∏çÈîô
yoyoÊô∫Ë∂Ö,Ê≠¶Ê±â,5.0,ÂæàÂ•ΩÔºåÂä®ÁîªÊïàÊûúÂæàÊ£í
woniu224,ÈáçÂ∫Ü,5.0,Â•ΩÁúãÔºå‰∏çÈîôÁöÑÁâáÁâáÔºåÂÄºÂæóÊé®Ëçê
Â§úseÂ∑≤Ê∑±,Ê≥∞Â∑û,5.0,ÂæàÂ•ΩÁúãÔºåÊúüÂæÖ‰∏ãÊ¨°Êº´Â®ÅÁîµÂΩ±
Melveon,ËãèÂ∑û,4.0,Âú∫ÊôØ‰∏çÈîôÔºåÊïÖ‰∫ãÊ¨†Áº∫
skw0596,ÈÇ¢Âè∞,5.0,Âê¨Â•ΩÁúãÁöÑÂú∫Èù¢ÂÆèÂ§ßÁ≤æÂΩ©
wwlÈõ®,Âåó‰∫¨,5.0,ÂºÄÂßãÁöÑÊó∂ÂÄôËøò‰ª•‰∏∫ÊòØÊÅêÊÄñÁâáÔºå‰∏çÂ•ΩÁúã„ÄÇÂêéÊù•Áúã‰∫ÜËøòÊòØÂæàÊêûÁ¨ëÁöÑ„ÄÇÂñúÊ¨¢
Â∞ÅÊΩº,ÂìàÂ∞îÊª®,5.0,ÁúüÁöÑÈùûÂ∏∏Â•ΩÁúã
chT922656495,Èò≥Ë∞∑,5.0,Êº´Â®ÅÁîµÂΩ±‰ªéÊ≤°‰ΩøÊàëÂ§±ÊúõËøá
Ê†óÂ≠ê881224,Áß¶ÁöáÂ≤õ,5.0,ÊØíÊ∂≤ÂæàÂèØÁà±Âïä
ÂæÆÂáâÂàùÊöñ,Êó†Èî°,5.0,Âæà‰∏çÈîôÁöÑÁîµÂΩ±ÔºåÊØíÊ∂≤ËêåËêåÂìíÔºÅÔºÅÔºÅ
Á¶èÊñØÁâπÂ∏ÉÊãâÂæ∑,Âåó‰∫¨,5.0,ÂæàÂ•ΩÁúã„ÄÇ‰∏çÈîôÁöÑ‰∏ÄÈÉ®ÁîµÂΩ± ÂìàÂìà
È£é‰ø°Â≠êth,ÁéâÊ∫™,4.0,Êå∫Â•ΩÁúãÁöÑÔºåÁ¨ëÁÇπ‰πüÂ§ö„ÄÇ
vsj96494,ÊÉ†Èò≥,5.0,ÊÑüËßâ‰∏çÈîôÁöÑ„ÄÇ
OJD409994110,‰ø°ÂÆú,5.0,Â•ΩÁúãÂïäÂ•ΩÁúãÂïä
ÂøÉÂÆø„ÄÅ,Ê¥õÈò≥,5.0,Â•ΩÁúãÂìéÔºåËôΩÁÑ∂‰∏Ä‰∏™‰∫∫ÔºåÊå∫Â•ΩÁúãÁöÑÔºåÂìàÂìàÂìàËøòÊêûÁ¨ë
just4Êú®Âè∏,Âåó‰∫¨,4.0,ÁâπÊïà‰∏çÈîôÁ¨ëÁÇπ‰∏çÈîôÔºåÂ∞±ÊòØÂâßÊÉÖÂèØ‰ª•Áõ∏ÂΩì‰∫éÊó†ÔºåÂ§™Áõ¥Á∫ø‰∫Ü
Fllowermonkey,ÊàêÈÉΩ,4.5,ÂèàË†¢ÂèàËêåÂèàÂá∂ÁöÑÊØíÊ∂≤
EZp164066529,ÈÉëÂ∑û,5.0,Êå∫Â•ΩÁúãÁöÑüòäüòÅ
gkV599735919,Â≠ùÊÑü,5.0,ÈùûÂ∏∏Â•ΩÁúãÁöÑÊó∂ÂÄôÂà∞ÂïäÔºå‰∫ÜÈÖíÁöÑÈóÆÈ¢òÂêßÊàë
BGZ756545286,ÈïáÊ±ü,5.0,Â•ΩÂ•ΩÂìàÂìàÂìàÂìà
ÈìÅÊùøÁÉßÂ∑°Ê∏∏ËÆ∞,ÊñáÂ±±,2.5,‰∏ÄËà¨Ëà¨‰∏ÄËà¨Ëà¨
vGB790228651,ËãèÂ∑û,5.0,ÂæàÂ•ΩÁúãÁöÑÁîµÂΩ±Âïä
Âπ≥Âá°ÁöÑ‰∏ñÁïå,Âåó‰∫¨,2.5,‰ΩúÂìÅÂΩí‰ΩúÂìÅÔºåÂ∞øÁÇπÂæàÂ§öÔºåÂè™ËÉΩËØ¥Ê≤°ÊúâÊõ¥Â§öÊÉäÂñúÔºå‰πüËÆ∏ËßÇ‰ºóÁöÑÂÆ°ÁæéÊèêÈ´ò‰∫ÜÔºå‰πüËÆ∏ÈúÄË¶ÅËá¥Êï¨Êº´Â®Å‰πãÁà∂Ôºå‰ΩÜÁîµÂΩ±‰∏ç‰ºöÂÅúÊ≠¢ÔºåËßÇ‰ºó‰∏ç‰ºöÈôç‰ΩéÊ†áÂáÜÔºåÊâÄ‰ª•Âä†Ê≤πÔºÅ
MËä∏M,Â®ÑÂ∫ï,5.0,Êª°Â•ΩÁúãÁöÑ  Êé®Ëçê    cpÁ≤â
Âë®ÊôìÊôì327,ÊòÜÊòé,3.5,ËøòÂèØ‰ª•ÔºåÂà†ÂáèÊúâÁÇπ‰∏•Èáç‚Ä¶
ÂêõÂêõ,Âåó‰∫¨,5.0,Ë∂ÖÁáÉÁöÑÁîµÂΩ±ÔΩûÁúãÂæóÂèØÁàΩ‰∫ÜÔΩûÂ∞§ÂÖ∂ÂèòË∫´ÁöÑÊó∂ÂÄô Â∞èÊØíÊ∂≤Êå∫ÂèØÁà±ÁöÑ ËøòÊòØ‰∏™Â∞èÂêÉË¥ß„ÄÇÁâπÊïàÁúüÁöÑÂÅöÂæóÂæàÂ•Ωüëç ÂÖ®Á®ãÂü∫Êú¨Ê≤°‰ªÄ‰πàÂ∞øÁÇπ
TNJ875037478,Èì∂Â∑ù,5.0,Â•ΩÁúã‚Ä¶‚Ä¶‚Ä¶‚Ä¶‚Ä¶
ÂÖ¶‰πÑ,Âº†ÂÆ∂Ê∏Ø,5.0,Ë∂ÖËµûË∂ÖËµûË∂ÖÊ£í
TZj585496131,‰∏¥Ê≤Ç,4.0,Ëøò‰∏çÈîôÔºåÂÑøÂ≠êÂñúÊ¨¢ÔºÅ
MSG141534337,ËãèÂ∑û,5.0,Â•ΩÁúã„ÄÇÊØíÊ∂≤Â§ßÈÄóÈÄº
Êñå394018331,Â§ßËøû,4.0,Ëøò‰∏çÈîôÔºåËßÇÁúãÁéØÂ¢ÉÂ•Ω
GloryÁü≥‰∏çËΩ¨,Â∑©‰πâ,5.0,ÁâπÂà´Â•ΩÁúãÁöÑÁîµÂΩ±ÔºÅ
Ê¢ÅÂì•ÊÄùÂØÜËææ,Â§™Âéü,4.0,ÊØíÊ∂≤Â§™ÈÖ∑Âï¶ÔºåÂñúÊ¨¢ÂñúÊ¨¢
Â∞èÂÆâÂ≠ê,ËàüÂ±±,4.5,‰∏çÈîô‰∏çÈîô ÂâßÊÉÖÊå∫Á¥ßÂáë
ÁôΩËî∑ËñáËä±Â∞èÈõÖ,ÈïøÂÖ¥,4.5,Â•ΩÁúãÔºåÁ≤æÂΩ©ÊûÅ‰∫Ü
IqO345324,ÂÆÅÊ≥¢,5.0,Â•ΩÁúãÂæàÂ•ΩÁúãÈùûÂ∏∏Â•ΩÁúã
Cain,ÈïøÊò•,4.5,ÊØíÊ∂≤ÊÑüËßâËêåËêåÁöÑ ËøòÊòØÊå∫ÈÄóÁöÑ
noq845820556,Ë°¢Â∑û,4.5,ÁªìÂ±ÄÊ≤°Êúâ‰∫§‰ª£Âè¶Â§ñÁöÑÊØíÊ∂≤
tu7_2000,ÂêàËÇ•,5.0,Ëøò‰∏çÈîôÔºÅÂ∞±ÊòØË∂ÖËã±ÁîµÂΩ±ÊúâÁÇπÂÆ°ÁæéÁñ≤Âä≥‰∫ÜÔºÅ
wubing308,ÈªîÂçó,4.0,‰∏™‰∫∫ËßâÂæóÂπ∂‰∏çÊÄé‰πàÊ†∑ÔºåÂè™ËÉΩÁªô8ÂàÜ
lonely_Yhx,ÂçóÂÖÖ,4.5,Â•ΩÁúãÔºåÊ±§ËÄÅÂ∏àÂíåÊØíÊ∂≤ÁôæÊê≠
ceB222405389,Âåó‰∫¨,5.0,Êå∫Â•ΩÁúãÁöÑÔºåÈ≠îÂπªÂéÖÁúüÂ∏Ö
Ly122088,ÂÆúÊòå,3.5,ÊòÇÔºåÂèäÊ†ºÂàÜÔºåÂâßÊÉÖÂØπ‰∏çËµ∑ÊàëÁöÑÊúüÂæÖ
lyf957,ÈáçÂ∫Ü,5.0,Â•ΩÁúã‚Ä¶‚Ä¶‚Ä¶~~~
ÂçäÂ§è,ÈáçÂ∫Ü,4.0,ÁàÜÁ±≥Ëä±üçøÔ∏èÁîµÂΩ±ÔºåË¢´ÊØíÊ∂≤ËêåÂà∞‰∫ÜÔºÅ
Âí™Â≠êÈôÄ,ÈïøÊ≤ô,5.0,ÊØíÊ∂≤Ê≠£ÂÆóÊòØÊûö‰∏ëËêå‰∏ëËêåÁöÑÂ∞èÂèØÁà±*^o^*
ÂñµÁ•ûÂ§ß‰∫∫M,ËãèÂ∑û,4.5,Êå∫Â•ΩÁúãÁöÑ Êå∫Â•ΩÁúãÁöÑ Êå∫Â•ΩÁúãÁöÑ
kingup,Êó•ÁÖß,3.5,ËôΩÁÑ∂ÊØíÊ∂≤ÂæàÂëÜËêåÔºå‰ΩÜÁº∫‰πè‰∏ÄÂÆöÁöÑÈÄªËæëÊÄß
Êú±Â§öÂ§öÊù•‰∫Ü,Ê≤àÈò≥,5.0,ÊàëËßâÂæóÊØíÊ∂≤Â∫îËØ•ÊòØÁã¨Á´ãÂá∫Êù•ÁöÑÁ≥ªÂàóÂêßÔºåÂÖ±Áîü‰ΩìÂÆáÂÆôÔºåËá≥Â∞ëÂ∞±ÁõÆÂâçÁöÑÊÉÖÊä•Êù•Ë®ÄÊØíÊ∂≤ÂíåÂ∞èËúòËõõÂ§ßÊ¶ÇÁéá‰∏ç‰ºöÁ¢∞Âà∞ÂêßÔºå‰∏™‰∫∫ÊÑüËßâÊØíÊ∂≤ËøôÁ±ªËã±ÈõÑ‰∏çÈÄÇÂêàÂá∫Áé∞Âú®Ê≠£Â∏∏Ë∂ÖÁ∫ßËã±ÈõÑÁîµÂΩ±ÈáåÈù¢ÔºåÂõ†‰∏∫ÊØíÊ∂≤Áõ∏ÂØπ‰∫éÂÖ∂‰ªñË∂ÖÁ∫ßËã±ÈõÑÂ§™Âº∫‰∫Ü„ÄÇÂΩìÂπ¥Êº´Â®Å‰∏∫‰∫ÜÂ∫¶ËøáÂÖ¨Âè∏ÁªèÊµéÂç±Êú∫ÊääËúòËõõ‰æ†xÊàòË≠¶Á≠âÁ≠âËßíËâ≤ÁöÑÁâàÊùÉÊâìÂåÖÂçñÁªô‰∫ÜÁ¥¢Â∞ºÔºåÊâÄ‰ª•Â∞ΩÁÆ°Êº´ÁîªÈÉΩÊòØÂú®Âêå‰∏Ä‰∏™ÂÆáÂÆôÔºå‰ΩÜÊòØÊãçÁöÑÁîµÂΩ±Êó†Ê≥ïÂá∫Áé∞„ÄÇÁé∞Âú®Êº´Â®Å‰πüÂú®ÂõûÊî∂ÁâàÊùÉÔºå‰æãÂ¶ÇÂø´Èì∂Êó∫ËææÂßêÂºüÔºåËúòËõõ‰æ†„ÄÇÂ∞±ÊòØÁ¥¢Â∞ºÂíåÊº´Â®ÅÂêà‰ΩúÁöÑ„ÄÇÂø´Èì∂Êó∫ËææÊòØ‰∏áÁ£ÅÁéãÂÑøÂ•≥‰ΩÜÂá∫Áé∞Âú®Â§çËÅîÈáå„ÄÇËÄåÊ≤°Êúâ‰∏áÁ£ÅÁéãÁöÑÊùÉÈôêÊâÄ‰ª•ÁîµÂΩ±„ÄÇÂá∫Êº´ÁîªÁöÑÊó∂ÂÄôÊòØÊº´Â®ÅÁöÑÁâàÊùÉÔºåÂêéÊù•Âá∫ÂîÆ‰∫Ü ÔºåÊãçÊàêÁîµÂΩ±Âõ†‰∏∫ÁâàÊùÉ‰∏çÊòØËá™Â∑±ÁöÑ‰∫ÜÔºåÊâÄ‰ª•‰∏çÊòØÊØè‰∏™ÈÉΩÂèØ‰ª•Âá∫Áé∞ÊòØÂêß„ÄÇÊúüÂæÖ
È¢ñÈ¢ñ8310,Ë¥µÊ∏Ø,5.0,"Âú®Êº´Â®ÅÊº´ÁîªÁöÑÊº´ÈïøÁ≥ªÁªü‰∏≠ÔºåÊØíÊ∂≤ÁöÑÂÆø‰∏ª‰πüÂéÜÁªè‰∫Ü‰∏çÂ∞ë‰ªªÔºå‰ªÄ‰πàÊ≠ª‰æç„ÄÅËúòËõõ‰æ†Âú®Êº´Áîª‰∏≠ÈÉΩÊõæÊàê‰∏∫ÂÆø‰∏ª„ÄÇ

Â•ΩÂú®Êàë‰ª¨Êú∫Êô∫ÁöÑË¥±Ë¥±ÊäµÊå°‰Ωè‰∫ÜÂäõÈáèÁöÑËØ±ÊÉëÔºåÂèëÁé∞ÊØíÊ∂≤ÊúâËá™ÊàëÊÑèËØÜÂêéÂ∞±ËÑ±Á¶ª‰∫Ü‰ªñÔºåËÄåËúòËõõ‰æ†Âç¥Âú®‰πãÂêéÂíåÊ∑±ÂèóÂÖ∂Âõ∞ÔºåÊàê‰∏∫‰∫ÜÂÆø‰∏ª„ÄÇ

ÊÄª‰πãÊîØÊåÅÊº´Â®ÅÁ≥ªÂàóÁöÑÁîµÂΩ±Ôºå‰∏ÄÁîüËøΩÈöèÔºÅ"
ÁóûZiÈæç,ÂÆÅÊ≥¢,4.0,ËøòË°åÔºåËøôÁ±ªÁîµÂΩ±ÁúãÂ§ö‰∫ÜÔºåÊÑüËßâ‰πüÂ∞±ËøôÊ†∑„ÄÇ
fgv814382729,Ë•øÂÆâ,5.0,ÂæàÂ•ΩÁúãÔºåÂæàÁ¥ßÂº†
CTV752244336,Êµ∑Èó®,2.5,‰∏ÄËà¨ÂêßÔºå‰∏çÂà∫ÊøÄ
Hny347084450,Â§ßÂêå,5.0,Â•ΩÁúã„ÄÇ„ÄÇ„ÄÇ„ÄÇ„ÄÇ„ÄÇ
Áå¥Âì•Êù•Â∑°Â±±,ÂπøÊ±â,5.0,ÂæàÊ£í66666
xkW913331836,ÊòÜÊòé,3.0,‰∏ÄËà¨Ëà¨ËÄåÂ∑≤Ôºå‰∏çÂà∫ÊøÄ
Hds852924949,È°∫Âæ∑,3.0,‰∏ÄËà¨„ÄÇ„ÄÇ„ÄÇ„ÄÇ„ÄÇ„ÄÇ
Joker898,ÁªçÂÖ¥,4.5,Ë∂ÖÁ∫ßÊó†ÊïåÁ≤æÂΩ©ÔºåÂ•Ω‰πÖÊ≤°ÁúãÂà∞Ëøô‰πàÊ£íÁöÑÈ£ôËΩ¶Êàè‰∫ÜÔºåÁúãÂæóÊàëÊäìÁãÇÂ∞ñÂè´ÁÉ≠Ë°ÄÊ≤∏ËÖæ
euI764370345,ÊòÜÊòé,5.0,Â•ΩÁúãÔºåÂÄºÂæóËßÇÁúã
JJZ563895951,Â∏∏Âæ∑,4.0,ÊØíÊ∂≤Â•ΩÂèØÁà±ÔºåÂìàÂìàÂìàÂìàÂìàÂìàÂìà
BKZ146850361,ÂÆúÊòå,5.0,Â•ΩÁúãÔºåË∂ÖÂ•ΩÁúã
Ojn481582212,‰∏äÊµ∑,5.0,ÈùûÂ∏∏Â•ΩÁúã Â§™Ê£í‰∫Ü
ÂîêÁéâÂõ≠,ÁõêÂüé,4.0,ÁúãÁùÄËøòÂèØ‰ª•ÁöÑÂï¶
Êó∂ÂÖâÊú∫,ÂìàÂ∞îÊª®,4.5,ÊïÖ‰∫ãÂæàÊñ∞È¢ñÔºåÂú∫Èù¢ÂæàÊ∞îÊ¥æ
ÂÆÅÈùôËá¥Ëøú9409,Èì∂Â∑ù,5.0,Â•∂ÊÄùÈùûÂ∏∏‰∏çÈîô
ÂÜçÈÄõÈÄõÂêß,ÊãâËê®,4.0,‰∏çÈîô ‰ΩÜÊòØ‰∏çÊÉ≥ÂÜçÁúãÁ¨¨‰∫åÊ¨°
ËèúËèúÂ§ßÂÆò‰∫∫,Âåó‰∫¨,5.0,Â•ΩÁúãÂ•ΩÁúãÂ•ΩÁúãÂ•ΩÁúãÂ•ΩÁúãÂ•ΩÁúãÂ•ΩÁúãÂ•ΩÁúãÂ•ΩÁúã
ËÆ∏ÊåØÂº∫,ÁêºÊµ∑,4.0,ÊèêÈÜíÊàëÊ®°ÂºèÊãß
mCU672649412,ÈùíÂ≤õ,5.0,ÂæàÂ•ΩÁúãÔºåÂÄºÂæóÁúã
ÁºòËè•,Ê±üÊ¥•,4.5,ÁªìÂ∞æÂ•Ω‰ªì‰øÉÂïä   ÊÑüËßâÊúâÁ¨¨‰∫åÈÉ®  Êå∫Â•ΩÁúãÁöÑ ÊÑèÁäπÊú™Â∞Ω
Â§©Â§©Âêë‰∏ä4297,Âåó‰∫¨,5.0,ÁîµÂΩ±ÊúâÁÇπÊÑèÊÄù
VFE497298068,Ê≤ßÂ∑û,5.0,Â≠©Â≠êÂº∫ÁÉàË¶ÅÊ±ÇÁúãÔºåÂºÄÊºîÁöÑÊó∂ÂÄôËøòÊÄïÊàëÂÆ≥ÊÄïÈóÆÊàëÊÑüËßâÊÄé‰πàÊ†∑ÔºåÂÆ≥‰∏çÂÆ≥ÊÄï ËøòÁî®ÊâãÊääÊàëÁöÑÁúºÁùõÊçÇ‰ΩèÔºåËØ¥ÂÆûËØùÊ≤°ÊúâÊÉ≥Ë±°ÁöÑÈÇ£‰πàÂ•ΩÔºå‰∏çËøáÂ≠©Â≠êÂñúÊ¨¢Áúã Êàë‰πüÂ∞±ÊÑüËßâÂèØ‰ª•ÔºåÂ∞±ÊòØ‰∏≠ÊñáÂ≠óÂπïÊúâÊó∂ÂÄôÁ®çÂæÆ‰∏ÄÂàÜÁ•ûÂ∞±Áúã‰∏çÊ∏ÖÂ≠óÂπï ÊúâÁÇπ‰∏çÊñπ‰æø
pbN503562109,‰πêÊ∏Ö,4.5,‰∏çÈîôÔºåÂÄºÂæó‰∏ÄÁúã
MdS586589714,ÂêàËÇ•,4.0,ÂèØ‰ª•ÁöÑÔºåÊúÄ‰∏ªË¶ÅÊòØÂ∏ÖÂ∞±Ë°å‰∫Ü
Wzw490877503,Êâ¨Â∑û,4.0,Â•ΩÁúãÁöÑÂñúÊ¨¢ÁöÑ
Â∞è‰∏´‰∏´Áà±ÂêÉÈ±º,ÈáçÂ∫Ü,5.0,Ë∂ÖÁ∫ßÂ•ΩÁúãÂ•ΩÁúãÂ•ΩÁúã
AAf801195209,ÂéüÈò≥,5.0,Â•ΩÁúãÂ•ΩÁúãÔºåÂÆåÁæé
EpD18729034141,Ë•øÂÆâ,4.0,ËøòÂèØ‰ª•ÂêßÔΩûÔΩû
È¶ãÁå´ÁÅ¨ÂáùÂçé,ÂåÖÂ§¥,5.0,ÁîµÂΩ±‰∏çÈîô(*‡πì¬¥‚ï∞‚ïØ`‡πì)‚ô°
ÊùéÊùé,Â§™Âéü,4.5,Êï¥‰Ωì‰∏çÈîôÔºåÁªìÂ∞æÂ∑Æ‰∫ÜÁÇπ„ÄÇÂΩ±Èô¢ÊÑüËßâÂ•Ω„ÄÇ
Â∞è‰ºçÂì•wzq,ÊàêÈÉΩ,5.0,Â•ΩÁúãÂ•ΩÁúã„ÄÇ„ÄÇ„ÄÇ„ÄÇ
Ëµ∞Âú®‰∫ëÁ´ØÁöÑÁî∑‰∫∫,ÈæôÂ≤©,5.0,Â•ΩÁúãÂ∞±ÊòØÂ•ΩÁúãÔºå
evv188670514,ÂÆÅÊ≥¢,5.0,ËõÆÂ•ΩÁöÑËõÆÂ•ΩÁöÑ
GrossGore,ÁéâÊûó,5.0,ÔºåÔºåÔºåÔºåÔºåÔºå
wMk678760207,ËÅäÂüé,2.0,Ê≤°Êúâ‰ªÄ‰πàÂÜÖÂÆπÔºå‰∏çÂ•Ω
ÈùíË±Ü‰∏∂Êüí,Ë¥µÈò≥,4.0,Êº´Â®ÅÁöÑÂπΩÈªòËøòÊòØ‰∏ÄÁõ¥Âú®Âª∂Áª≠‰∏≠ÔºÅ
Êõπ‰∏âÂÑø,Ê±üÈÉΩ,5.0,Â•ΩÁúãÔºåÊå∫Á≤æÂΩ©„ÄÇ
ÂèØÂèØÊ†∏Âºπ,Âè∞Â∑û,5.0,‰∏çÈîô‰∏çÈîô‰∏çÈîô
RedruM,ÂπøÂ∑û,3.0,‰∏éÂ∑¥Â∑¥Áà∏Áà∏KKKÂõæ
Say‰∏∂Eve,ÂêàËÇ•,4.0,"‰Ω†Áúº‰∏≠ÂÄíÊò†ÁöÑÊòüÊ≤≥ÁÉÇÊº´  
ÊòØ‰∏çÊõæËßÅËøáÁöÑ‰∏ñÂ§ñÊ¢¶Âπª  
‰∏áÊ∞¥ÂçÉÂ±±  ‰Ω†Èô™ÊàëÁúã"
ÊµÅÂπ¥‰ººÊ∞¥ABCD,ÈáçÂ∫Ü,5.0,Âï¶Âï¶Âï¶Âï¶Âï¶Âï¶Âï¶Âï¶Âï¶Âï¶Âï¶Âï¶Âï¶Âï¶Âï¶Âï¶Âï¶Âï¶
Âè§Â∑ùÁîò,ÊàêÈÉΩ,4.0,ËøòË°åÔºå‰∏ÄË¥ØÁöÑÂ§ßÁâáÈ£éËåÉ
UQs965060177,‰∏π‰∏ú,5.0,Ë∑üÂ∞èÂßêÂßê‰∏ÄËµ∑ÂéªÁúãÁöÑÔºå‰∏ÄÈÉ®ÂæàÂ•ΩÁöÑÁîµÂΩ±ÔºåÂ∞èÂßêÂßêËØ¥ÂæàÂñúÊ¨¢„ÄÇ‰ºö‰∏ÄÁõ¥ÊîØÊåÅÊº´Â®ÅÔºåÂä†Ê≤πÔºÅ
Êù®ÂøûÁ¶ª,Áü≥ÂÆ∂Â∫Ñ,5.0,Êå∫ÊêûÁ¨ëÁöÑÁâáÂ≠êÔºåÂæàÂ•ΩÁúãÔºåÊé®Ëçê‰∏ã
ksm106550104,Âåó‰∫¨,5.0,Á°ÆÂÆûÂÄºÂæó‰∏ÄÁúã
ËëµÊãñÂà©,Â∞Å‰∏ò,5.0,ÁâπÂà´‰∏çÈîôÂìàÂìà
FÊÖ¢ÊÖ¢‰∫∫ÁîüË∑Ø,Ê≤àÈò≥,5.0,Â•ΩÁúãÂ•ΩÁúãÂ•ΩÁúã
wjZ18740227071,ËæΩÈò≥,5.0,Êå∫Â•ΩÁúãÔºå‰∏çÈîôÔºåÊîØÊåÅ
DZW775588945,‰∏úËéû,5.0,‰∏çÈîôÔºåÂÄºÂæó‰∏ÄÁúã
ÂâçÁ®ã‰ººÈî¶„ÄÅ„ÄÅ,‰∏¥Ê≤Ç,5.0,Áõ∏ÂΩìÁöÑÂèØ‰ª•„ÄÇ„ÄÇ
Sdi432568922,ÊùæÂéü,5.0,Âæà‰∏çÈîôÂæàÂñúÊ¨¢
wanglili1988,Â§ßËøû,5.0,ÊØíÊ∂≤Â∞±ÊòØ‰∏™‰∫åÂìàÈôÑ‰ΩìÔºÅ
KMB621487403,ÂêâÊûó,5.0,111111111111111111111111111
YDK247043938,ÂêïÊ¢Å,5.0,üëçüëçüëçüëçüëç
Âô∂‰∫ÜÂìà00,Ê≤àÈò≥,5.0,Â•ΩÁúãË¥ºÂ•ΩÁúãÂïä
kenny28,ÈïøÊò•,4.0,ÊêûÁ¨ëÁöÑÊØíÊ∂≤Ôºå‰∏ç‰∏ÄËà¨ÁöÑË∂ÖÁ∫ßËã±ÈõÑ„ÄÇ
DanboÊ≥®ÂÆöÁà±Êó†ËÉΩ,ÈªÑÁü≥,3.0,ÂæàÂ•ΩÂæàÂº∫Â§ßÁöÑËØ¥
DUDUÁïôÂøµ,Âº†ÂÆ∂Âè£,5.0,ËøòÊÉ≥Âú®Áúã‰∏ÄÈÅç
pVh256066258,Ê≤àÈò≥,5.0,ÁîµÂΩ±ÈùûÂ∏∏‰∏çÈîô
Glimmer.698,Êâ¨Â∑û,4.5,ÁîµÂΩ±ÂæàÊúâÁæéÂºèÂπΩÈªòÂ•ΩÁúã
Zsq460159644,ÂπøÂ∑û,4.5,ÊØíÊ∂≤Ë∂ÖÂèØÁà±ÂìíÂìíÂìíÂìíÂìí
Èí¢ÈìÅ‰æ†È•ø‰∫Ü,Ëµ§Â≥∞,5.0,Ê£íÊ£íÂì¶Âì¶Â•ΩÂêßÊàëÁöÑÂäûÊ≥ï‰∫Ü
XTR535123260,ÈïøÊ≤ô,5.0,Â•ΩÁúãÂìàÂìàÂìàÂìàÂìà
ÊüêÈöê,Áù¢ÂÆÅ,4.0,ÂØπËØùÊõ¥‰∏∞ÂØåÊ∑ªÂä†ÂâÇ
ÂÅ•Â∫∑Â∫∑Â∏ÖÂ∏ÖÂì•,ÈïøÊò•,5.0,ÂèØÁà±Âà∞ÁàÜÁÇ∏ÔΩûÊàë‰πüÊÉ≥Êúâ‰∏Ä‰∏™ÊØíÊ∂≤ÈôÑ‰ΩìÂïäÂïäÂïäÂïäÂïäÂïäÂïä
hBV729970304,Â≤ëÊ∫™,4.0,‰∏ÄËà¨Ëà¨‚Ä¶‚Ä¶‚Ä¶‚Ä¶‚Ä¶
rUy572567674,Ë•øÂÆâ,5.0,ÂÖ®Á®ãÊ≤°ÊúâÂ∞øÁÇπ
YHp546355190,ËéíÂçó,4.0,‰∏ÄËà¨ÔºåÔºåÔºåÔºåÔºåÔºå
Ôº†ËâØÊ±á,ÊπñÂ∑û,4.0,ËøòÂèØ‰ª•‰∏Ä‰∏Ä‰∏Ä‰∏Ä
marco186,‰∏≠Â±±,4.0,Èô§‰∫ÜÂâçÈù¢ÂâßÊÉÖ‰ªãÁªçÈì∫Âû´ÁöÑÊúâÁÇπÈïø ÂÖ∂‰ªñ‰∏çÈîô
pOa739660017,ÈïøËëõ,5.0,Â•ΩÁúã Â∞±ÊòØÊúâÁÇπÂêì‰∫∫
isma332,Ë•øÂÆâ,5.0,ÂèçÊ¥æÁöÑÁîµÂΩ±Ôºå‰∏ç‰∏ÄÊ†∑„ÄÇ
‰∏≠‰∏≠‰∏≠‰∏≠‰∏≠‰∏≠„ÄÇÂêß,Á¶èÂ∑û,5.0,Â•ΩÁúãÁöÑ„ÄÇ„ÄÇ„ÄÇ„ÄÇ„ÄÇ„ÄÇ„ÄÇ„ÄÇ„ÄÇ
EvaÊóãÂæã,Ê≠¶Ê±â,4.5,ÔºÅÔºÅÔºÅÔºÅÔºÅÔºÅÔºÅÔºÅÔºÅÔºÅÔºÅÂ§™Ê£í‰∫ÜÔºÅ
GrandLine1997,Ê≥∞ÂÆâ,3.0,‰∏ÄËà¨Ëà¨‰∏ÄËà¨Ëà¨
ÁîµÂΩ±ÂπΩÁÅµ,ÂçóÊòå,5.0,‰∏çÈîôÈùûÂ∏∏ÂèØ‰ª•
Manitosec,ÊπñÂ∑û,5.0,Âæà‰∏çÈîôÔºåÊÑüËßâÂæàÂ•ΩÁúã
Ayl807564995,ÊÖàÊ∫™,5.0,ÂÄºÂæó‰∏ÄÁúã Â•ΩÁúã
Kwl830129676,‰øùÂÆö,5.0,Êå∫‰∏çÈîôÁöÑÁªìÂ±ÄÊå∫Â•ΩÁöÑ
bra791092107,ÂÆÅÊ≥¢,5.0,ÁâπÂà´Â•ΩÁúãÔºå‰∏çÁúãË¶ÅÂêéÊÇîÊ≠ª‰Ω†‰ª¨
JasonFang12,ÂπøÂ∑û,5.0,ÊàëÁà±ÊØíÊ∂≤Â§™ÂèØÁà±‰∫Ü
Âê´Á¨ëÈ•ÆÊØíÈÖíCc,Êù≠Â∑û,5.0,Ëøò‰∏çÈîôÂì¶Âï¶Âï¶Âï¶Âï¶
Felinity„ÄÇ,ÊòÜÊòé,4.5,‰∏çÈîô„ÄÇÊå∫Â•ΩÁúãÁöÑ„ÄÇ
gGI106153181,Â§©Ê¥•,5.0,ÈùûÂ∏∏Â•ΩÔºåÂèØ‰ª•‰∫åÂà∑
ÁéãÁ∫∏Â∞èÂá°,ÊòÜÂ±±,5.0,Â•ΩÂ•ΩÂ•ΩÂ•ΩÂ•ΩÂ•Ω
Ê®äÊô®Êõ≤,Â≠ùÊÑü,5.0,ËøòÂ•ΩÔºåÁéØÂ¢É‰∏ÄËà¨ÔºåÊØîËæÉÂÆûÊÉ†„ÄÇ
Ë•øÊ∫™Êº´Ëçπ,ÂêàËÇ•,5.0,Â•ΩÁúãÁöÑÂæàÔºåÂÄºÂæó
Âç°Â∏ÉÂ•áËØ∫9976,ÈΩêÈΩêÂìàÂ∞î,4.5,ÂíåÂ•≥ÊúãÂèãÂéªÁúãÁöÑÔºåÈùûÂ∏∏Ê£í
Ëãè‰∫ë‰∏∂,ÈÉ¥Â∑û,5.0,ÊØíÊ∂≤ÁúüÊòØÂ§™ÂèØÁà±‰∫ÜÔºåÊòØÈÇ™ÊÅ∂ÁöÑË∫´‰ªΩÂç¥ÂèàÊòØÊ≠£‰πâÁöÑ‰∏ÄÊñπ
Â•îÊ≥¢erÁÅûÔΩû,ÈΩêÈΩêÂìàÂ∞î,5.0,ÂøÖÈ°ª10ÂàÜÁöÑÂ•ΩÂè≠ÔºÅÔºÅ
KKÊ£ãÁâå,Ê≠¶Ê±â,3.0,ÂºÄÂßãÊàëËøò‰ª•‰∏∫ÊúâÊ∞¥ÂÜõÔºåÂéüÊù•ÊòØÊº´ÁîªÊîπËøáÊù•ÊãçÁöÑÔºå‰∏™‰∫∫Ê≤°ÊúâÁúãËøáÊº´ÁîªÂéüÁâàÔºåËßâÂæó‰∏ÄËà¨ÔºÅ
ZÊûóËã•Âá°,Ê∑±Âú≥,5.0,ÁÇ∏Ë£ÇÁÇ∏Ë£ÇÁâπÊïàÈÖ∑Âà∞ÁàÜÁÇ∏ÔºÅ
x15099432217,‰ºäÂÆÅ,5.0,ËøòÂèØ‰ª•ÔºåÊØíÊ∂≤Êå∫ÂèØÁà±ÁöÑ
lIUanalove,Êó†Èî°,5.0,Â•ΩÁúã‚Ä¶‚Ä¶‚Ä¶‚Ä¶
lgL278145316,ÂëºÂíåÊµ©Áâπ,4.0,üòäüòäüòäüòäüòäüòä
ÂæÆÂæÆÁ¨ë927927,Âë®Âè£,2.5,‰∏çÊòéÁôΩËØÑÂàÜÊÄé‰πàËøô‰πàÈ´òÔºå‰∏çÂ•ΩÁúãÔºåÁúüÁöÑÔºåËÉΩÁù°ÁùÄüòÇ
VTk454619668,Ê∑±Âú≥,4.0,ÂΩ±ÁâáËøòÂèØ‰ª•ÔºåÂ∞±ÊòØÊÑüËßâÊó∂Èó¥Áü≠‰∫Ü‰∏Ä‰∫õ
‰πîËå∏Ëå∏,Âçó‰∫¨,5.0,Â•ΩÁúãÔºåÊØíÊ∂≤ÊòØÁúüÁöÑÂèØÁà±‰∏çÊòØÂÅáÁöÑÂèØÁà±
hkJ136605817,ÂÆâÈò≥,5.0,Â•ΩÁúãÁùÄÂë¢ÔºåÂæà‰∏çÈîô
CXN918855876,ÈïøÊò•,2.0,ÊØíÊ∂≤ÂæàÂèØÁà±ÔºÅÂâßÊÉÖÁúüÂøÉ‰∏çÊÄé‰πàÊ†∑ÔºÅ
‰Ω†ÊØîÂ•πËø∑‰∫∫‰∏∂,Ë¥πÂéø,4.5,Êº´Â®ÅËã±ÈõÑÊú¨Ëâ≤
EZi632109717,ÂÖ∞Â∑û,5.0,ÊúâË∂£ÔºåÂú®‰ªª‰Ωï‰∏Ä‰∏™‰∏ñÁïåÔºåÂñÑÊÅ∂Ëá™ÊúâÂàÜÂà´„ÄÇ
Ê¢£Áéì,Ê¥õÈò≥,5.0,Ëøô‰∏™ÁúüÁöÑË∂ÖÂ•ΩÁúã
shiyong23,‰∏äÊµ∑,4.0,ÁâπÊïà‰∏çÈîôÔºåÊÉÖËäÇËÄÅÂ•ó
Ê∂àË¥π‰πÖ‰πÖ,ÂëºÂíåÊµ©Áâπ,5.0,ÂæàÂ•ΩÁúãÂÄºÂæóÁúã
wap408464478,Ê∑±Âú≥,5.0,Â§™Á≤æÂΩ©ÔºåË¥ºÂñúÊ¨¢Áúã
WGu710346027,ËæΩÈò≥,5.0,niceÂïäÂïäÂïä
JMb140306114,ÂëºÂíåÊµ©Áâπ,5.0,ÂìáÔΩûÊàëÁúãÁöÑÊòØ4DÁîµÂΩ±ÔºåÂ§™Â§™Â§™ÔΩûËÇæ‰∏äËÖ∫Á¥†È£ôÂçáÂïä
dPo790741996,Êµ¶Ê±ü,5.0,Â•ΩÁúãÔºåÂæàÁ≤æÂΩ©
ngstar,Èî°ÊûóÈÉ≠Âãí,5.0,ËøòË°åÂêßÔºåÊ≤°ÊúüÂæÖÁöÑÈÇ£‰πàÂ•Ω
tWF809760980,ËãèÂ∑û,0.5,‰∏çÂ•ΩÁúãÔºåÊ≤°ÊúâÂÖ∂‰ªñÊº´Â®ÅÁîµÂΩ±Á≤æÂΩ©
ÂÇªÁîªÁîª,Êù≠Â∑û,5.0,ÊïÖ‰∫ãÊÉÖËäÇ‰∏çÈîôÔºåÁ¥ßÂáëÔºåÂú∫Èù¢‰πüÂæàÂ•Ω
RxH857766237,Â∏∏Âæ∑,5.0,Â•ΩÁúãÁúãÁúãÂ•ΩÁúãÁúã‰∫Ü‰∏§ÈÅç
StringÁéã,Âåó‰∫¨,3.0,‰∏ÄËà¨ÂêßÔºåÊ≤°‰ªÄ‰πàÁ≤æÂΩ©ÊâìÊñóÂú∫Èù¢ÔºåÂè™ÊúâÈÄ†ÂûãÈÖ∑ËÄåÂ∑≤
ÂíèËàíytt,ÁÉüÂè∞,4.0,ËøòÂèØ‰ª•ËøòÂèØ‰ª•
ÁªØÊëá.,‰∏úÊµ∑,5.0,ÁâπÂà´Â•ΩÁúãÔºåÊØíÊ∂≤ÁúüÁöÑÁâπÂà´ÂèØÁà±
Â¶àÂçñÊâπ718,‰∏äÊµ∑,5.0,ÂêëÊº´Â®Å‰πãÁà∂Ëá¥Êï¨
mxsheng828,Âçó‰∫¨,5.0,‰∏çÈîôÁöÑÁîµÂΩ±ÔºåÂæàÂ•ΩÁúã
Èõ®Â≠£ÈÅáËßÅ‰Ω†,ÂæêÂ∑û,5.0,‰∏ä‰∏äÂë®ÁúãÁöÑÔºåÊØíÊ∂≤ÁúüÁöÑË∂ÖÁ∫ßËêåÂìàÂìàÂìàÂìàÂìàÂìàÂìà
OPJ757950172,Ê≤àÈò≥,5.0,Â•ΩÁúãÔºåÈúáÊíºÔºÅ
Ë∞ñÊúà,Ê∑ÑÂçö,5.0,Ëøô‰πàÂ•ΩÁúãÁöÑÁîµÂΩ±Â∫îËØ•Êó©ÁÇπÁúãÔºåÊÑüÂèπËá™Â∑±ÁúãÁöÑÂ§™Êôö‰∫Ü
Dkq804254476,ÊΩçÂùä,5.0,ÊûÅÂ•ΩÁúã6666
Ygk652272563,‰∏äÊµ∑,4.0,ËøòÊ≤°ÁúãËøáÁòæÂ∞±ÁªìÊùü‰∫ÜÂìàÂìà
‰ª•ËåπÊó¢ÂæÄ,Ê±â‰∏≠,1.0,‰∏ÄËà¨Ëà¨ÔºåË∂ÖÈöæÁúã
UPF155328996,Âçó‰∫¨,5.0,‰∏çÈîôÔºåÊØíÊ∂≤‰∏ëËêå‰∏ëËêå~
dong684251,ÊòÜÊòé,3.5,ËøòÂèØ‰ª•ÔºåÔºåÔºå
Â±±ÊûóËôéÂï∏967,ÂªäÂùä,4.0,ÁâπÊäÄ‰∏çÈîôÔºåÊïÖ‰∫ãËÄÅÂ•ó„ÄÇ
RMM789165245,Âåó‰∫¨,5.0,Âà∫ÊøÄÂà∫ÊøÄÂà∫ÊøÄ
Gfa505639805,Âí∏Èò≥,5.0,Áõ∏ÂΩì‰∏çÈîô   Â•ΩÁúã
ÊùéÊ•†,ÂìàÂ∞îÊª®,5.0,Ê≤°Âï•ÂÜôÂæóÂ§ö‰∏ç‰∫Ü‰∫Ü
xhhË±™,Ê∏©Â∑û,5.0,Êå∫Â•ΩÁöÑ„ÄÇ„ÄÇ„ÄÇ
bjl620936933,ÂëºÂíåÊµ©Áâπ,5.0,Â•ΩÁúãÂì¶„ÄÇ„ÄÇ„ÄÇ„ÄÇ
cjing0824,ÈÉëÂ∑û,5.0,ÂÄºÂæóÁúãÔºåÊàëËßâÂæóÂ∫îËØ•‰ºöÂá∫2Âêß
vvX311531966,ÊàêÈÉΩ,5.0,ÂêåÂ•Ω„ÄÇ„ÄÇ„ÄÇ„ÄÇ„ÄÇ„ÄÇ„ÄÇ
Èí¢Èïö‰πñÂÑø,ËèèÊ≥Ω,3.5,‰∏ÄËà¨Ëà¨ÂêßÔºåÂáëÂêà
Puk878443426,‰øùÂ±±,4.5,ÂíåËàçÂèã‰∏ÄËµ∑ÂéªÁúãÁöÑÔºåÂæàÁ≤æÂΩ©ÁöÑ‰∏ÄÈÉ®ÁîµÂΩ±„ÄÇ
yejiarong123456,‰∏äÊµ∑,5.0,Â•ΩÁúã ‰∏çÈîô ÂæàÊ£í
Áé´ËíÇÈõÖÁöÑÂÄçÂ∞îÂë¢,ËãèÂ∑û,5.0,Â•àÊñØÂ•àÊñØÔºåÁúãÂæóÊàëÁÉ≠Ë°ÄÊæéÊπÉÂøÉÊΩÆËç°Êºæ
ÊöóÂ§úxxÈôà,Êµ∑Âè£,5.0,Ë∂ÖÁ∫ßÂ•ΩÁúãÔºåÂ†™Áß∞ÂÆåÁæé
zut557105270,ÁÉüÂè∞,5.0,Â•ΩÁúãÂ§™Â•Ω‰∫ÜÂëÄ
ÂÜ∞Á≥ñÈõ™Ê¢®ÂÑø„ÄÇ,ËèèÊ≥Ω,5.0,Êå∫Â•ΩÁöÑÔºåÊàëËßâÂæó
ruk462394714,‰∏äÊµ∑,3.5,ÁúãÁùÄËøòË°åÂêßÔºåÂãâÂº∫ËøòËÉΩÁúãÁúãüòî
Â§ßÊú∫Â§ßÊú∫,ÂπøÂ∑û,4.0,Ëøò‰∏çÈîôÔºåÊúâÁ¨ëÁÇπ
tomjjs123,Ê∑±Âú≥,2.5,‰∏çÊÄé‰πàÊ†∑ÔºåÈÉΩÊòØÁâπÊïàËÄåÂ∑≤
ËØ∏ËëõÂ∞è‰∫Æ5945,‰Ω≥Êú®ÊñØ,5.0,Êå∫Â•ΩÁúãÁöÑÔºå‰ΩìÈ™åÊòØÈùûÂ∏∏Â∏ÆÁöÑ„ÄÇ
ÊàëÂøÉÊ∞∏ÊÅíwen,Â§™Âéü,5.0,Â•ΩÁúã‰∏çÈîôÊúâÊÑèÊÄùÔºÅ
‰πÄÂÖé‰∏∂Â≠ê,Âåó‰∫¨,5.0,ËøòÂ•ΩËøòÂìàÂó®Âó®Âó®ÂìàÂÅ∂ËøòÂ•ΩÂïäËøò
WWv821843211,ÂëºÂíåÊµ©Áâπ,4.5,ÂèØ‰ª•ÂèØ‰ª• ÂíåÂ•≥ÊúãÂèã‰∏ÄËµ∑ÂéªÁöÑ
vivian,Ê∑±Âú≥,3.5,ÈÇÑÊå∫‰∏çÈåØÁöÑÂÄºÂæóÂéªÁúã
‰∫ö‰∫ïÔºåÈæôÂì•,Âçó‰∫¨,5.0,Êå∫Â•ΩÁöÑÔºåÊ≤°Áúã‰∏äÔºåÊàëÂºüÂºüÂéªÁúãÁöÑ
ÂìîÂìîÂ∞èÁå™Â¥Ω,‰∏πÈò≥,4.0,ÂêàÊ†ºÁöÑÁàÜÁ±≥Ëä±
Ëñõ‰πãË∞¶Âêó,Ê∑ÑÂçö,5.0,Â•ΩÁúã   Â§™ÈÖ∑‰∫Ü 
Ê°´Ê§§Êú™Â§è,Êù≠Â∑û,3.5,Ë¥±Ë¥±ÁöÑÊØíÊ∂≤Âïä
rGk989983992,ËãèÂ∑û,4.5,ËÄÅÂÖ¨Èóπ‰∫ÜÂçäÂ§©Ë¶ÅÁúãËøôÈÉ®ÁîµÂΩ±ÂæàÂ•ΩÁúãÂÄºÂæó
ukf833867365,Ëá™Ë¥°,5.0,ÂæàÂ•ΩÁúãÔºåÊïàÊûú‰∏çÈîô
‰ΩéË∞É‰ΩéË∞É‰Ωé‰Ωé‰Ωé,‰∏¥Â§è,5.0,Â•ΩÂèØÁà±ÁöÑÊØíÊ∂≤
xxw1188,Âçó‰∫¨,5.0,ÁúüÁöÑÁ≤æÂΩ©‰∏çÈîôÂ•ΩÁúã
Ê∏ÖÈ£é,ÂçÅÂ†∞,4.0,ËøòÂèØ‰ª•ÁâπÊïà‰∏çÈîô
Â•∂Ëå∂Ëå∂‰∏∂,‰ΩõÂ±±,5.0,Â•ΩÁúãÂ•ΩÁúãÂ•ΩÁúã
bYS935345723,ÈùñÊ±ü,5.0,‰∏çÈîôÁöÑÁîµÂΩ±ÔºåÁâπÊäÄÊïàÊûúÂæàÂ•Ω
vME311514192,ÂÆâÂ∫Ü,5.0,ÂæàÂ•ΩÁúãÔºåÊàëÈÉΩÁúã‰∫Ü‰∏§ÈÅç‰∫Ü
EZR817200655,ÈΩêÈΩêÂìàÂ∞î,5.0,Ë∂ÖÂ•ΩÁúãÔºåÊØîÊÉ≥Ë±°‰∏≠ÁöÑÂ•ΩÁúãÂ§ö‰∫ÜÔºåÈáåÈù¢ÁöÑÊØíÊ∂≤‰πüÂæàÂ∏Ö
Èªò,ËãèÂ∑û,5.0,ÂÄºÂæó‰∫åÂà∑ÁöÑÁîµÂΩ±„ÄÇ
Âº†Êô®,ÂπøÂ∑û,5.0,Â•ΩÁúãÔºå‰∏çÈîô„ÄÇ
ada_kon,‰∏äÊµ∑,5.0,ÁîªÈù¢ÂæàËµûÔΩû*
mighting,‰∏äÊµ∑,3.5,Ëøò‰∏çÈîôËøò‰∏çÈîô
3Â§úÁ©∫‰∏≠ÊúÄ‰∫ÆÁöÑÊòü,Áß¶ÁöáÂ≤õ,5.0,Â•ΩÁúãÔºÅÔºÅÔºÅÔºÅÔºÅÔºÅ
ÊòüËæ∞,ÂπøÂ∑û,4.0,ÈùûÂ∏∏Ê£íÔºåÁªßÁª≠Âä†Ê≤π
ÁéãÊµ∑Â≤ó8,Ë•øÂÆâ,4.5,Âà∫ÊøÄÂà∫ÊøÄÂ•ΩÁúã
‰ΩôÂë≥382,Ê≠¶Ê±â,4.5,ÊàëËßâÂæóËøò‰∏çÈîôÂêß
DCX202137334,ÂçóÈÄö,4.0,ÂèØÊÄï  ÁúüÂèØÊÄï
Irm430992756,Ê∑ÆÂåó,5.0,ÁâπÂà´Âà∫ÊøÄÔºåÁâπÂà´Â•ΩÔºåÊª°ÂàÜ
Êµ∑ÊΩÆ220,ËåÇÂêç,5.0,6666666
Ë∞¢Ëê±xt,‰∫¨Â±±,3.0,‰∏´Â§¥ÂñúÊ¨¢ÊàëËßâÂæóÊòØÊâØÊ∑°
ÊùéÈõ™Áê≥93,ÈõÜÁæé,5.0,ÁúüÁöÑÂæàÂ•ΩÁúãÔºå
EmE671131213,Áü≥ÂÆ∂Â∫Ñ,5.0,ÂæàÂ•ΩÔºåÂ•ΩÂ•ΩÁöÑÔºåÂ∏åÊúõÂèØ‰ª•Êõ¥Â•Ω‰∫õ
ÂΩ§ÂΩ§ÂêñÂêñ,ÈÇØÈÉ∏,5.0,ÂæàÂà∫ÊøÄ„ÄÇÂæàÈúáÊíº
_qqc7k1338106887,‰πåÊµ∑,5.0,Â•ΩÁúãÔºÅcool
jiangminggood,‰∏äÊµ∑,5.0,Â•ΩÁúãÂèØ‰ª•ÊúâÁöÑ
Â∞èÂ∞èÂ®Å001,ÁªçÂÖ¥,5.0,‰∏çÈîô‰∏çÈîô‰∏çÈîô
zjqzjq2008,Âåó‰∫¨,4.0,Êº´Â®ÅÂÖÉÁ¥†ÂæàÊµì
‰∏çËÆ©ËØ¥ÂëµÂëµ,Âõ¥Âú∫,5.0,Â•ΩÁúãÔºÅÔºÅÔºÅÔºÅÔºÅÔºÅÔºÅ
FfU192979744,Âé¶Èó®,5.0,Ê£íÊ£íÊ£íÔºåÊúÄÂñúÊ¨¢ÁöÑË∂ÖÁ∫ßËã±ÈõÑ
‰Ω†ÂæàÈóπi,‰∏úËéû,4.0,Ëøò‰∏çÈîô    ÂÄºÂæóËßÇÁúã
sGI706330981,ÈÑÇÂ∑û,5.0,Â•ΩÁúãÂìíÔºåÂñúÊ¨¢ÊØíÊ∂≤ÔºÅ
CherryÈòøÊñáÊñá,Ê≤àÈò≥,5.0,ÊØíÊ∂≤ÁúüÁöÑÂ§™ÂèØÁà±‰∫Ü
Bye648,Ë•øÂÆÅ,5.0,ÔºÅÔºÅÔºÅÔºÅÔºÅÔºÅ
Lop400267432,ÈÉëÂ∑û,5.0,ÈùûÂ∏∏Ê£íÁâπÂà´Ê£í
ÂûÉÂúæËΩØ‰ª∂2333333,Â§™Âéü,0.0,Áå´ÁúºÊÄ•ËΩØ‰ª∂ ÂÜçËßÅ‰∫ÜÊÇ®ÈÇ£
pjh838956452,ËÅäÂüé,4.5,Âæà‰∏çÈîôÁöÑÂâßÊúüÂæÖËøòÊúâ
ÊòúÁ¶æhou,ËöåÂü†,4.5,ÊØíÊ∂≤ËøôÈú∏ÈÅìÊÄªË£ÅÂ∞èÂêÉË¥ßÁöÑËÆæÂÆöÁúüÁöÑÊòØÂ§™ÂèØÁà±‰∫Ü
Pxb927922070,‰∏äÊµ∑,5.0,È¢†Ë¶Ü‰∫ÜÊàëÂØπÂºÇÂΩ¢ÁöÑÂç∞Ë±°ÔºåÂæàÂ•ΩÁúã
JZb251341112,Ë•ÑÈò≥,5.0,Â•ΩÁúãÔºåÂ•ΩÁúãÔºåÂ•ΩÁúãÔºåÁúüÁöÑÂ•ΩÂ•ΩÁúã
p945231,Â§ßËøû,4.0,‰∏çÈîôÂïäÈ¶ñ‰ªòÁöÑ‰∫∫‰∫Ü
aOD705245518,ÈΩêÈΩêÂìàÂ∞î,5.0,Ë∂ÖÁ∫ßËµû ÊÑèÁäπÊú™Â∞Ω
jgkaixin,ËÆ∏Êòå,2.5,ÊâìÊñóÂú∫Èù¢ÂèØ‰ª•ÔºåÊïÖ‰∫ãÊÉÖËäÇ‰∏çÂ•Ω„ÄÇ
sXS113703473,Âçó‰∫¨,4.0,Êå∫Â•ΩÁúãÁöÑ„ÄÅÂâßÊÉÖ‰πüÂæàÂ•ΩÁ¨ë„ÄÅÁâπÊïàÂÄçËµû„ÄÅ‰∏≠ÂõΩÁõÆÂâçÂ∑≤Âá∫ÁöÑÁîµÂΩ±Á°ÆÂÆûÊ≤°ÊúâËøô‰πàÂ•ΩÁöÑÁâπÊïà
ÊµÅÈ∏¢Êõ≤,ÂæêÂ∑û,4.5,‰∏ÄÂºÄÂßãËøòÂæàÂÆ≥ÊÄïÂêéÊù•Ë∂äÁúãË∂äÂèØÁà±
Á¶Ö,ÂêØ‰∏ú,4.5,Â•ΩÁúãüòä„ÄÇ„ÄÇ„ÄÇ„ÄÇ„ÄÇ„ÄÇ„ÄÇ
tzxiaoyu666,Êµ∑Áõê,5.0,ÂæàÂñúÊ¨¢ËøôÈ£éÊ†ºÁöÑÁîµÂΩ± ÂÖ±Áîü ËøôÊ†∑ÁúãÊù• Â∫îËØ•ÊòØÂØÑÁîüÂÖΩÂèÇËÄÉ‰∫Ü ÊØíÊ∂≤„ÄÇÊúüÂæÖÁ¨¨‰∫åÈÉ®
wUg251831387,ÂÖ≠ÂÆâ,4.5,Ëøò‰∏çÈîôÔºåÂÄºÂæó‰∏ÄÁúã
lunacy32,Èî¶Â∑û,4.0,ÂæàÂ•ΩÁúãÁöÑÁîµÂΩ±ÔºåÂÄºÂæóÊé®Ëçê„ÄÇÊú¨Êù•ËßâÂæóÊØíÊ∂≤Â•ΩÂêì‰∫∫Âë¢ÔºåÁªìÊûúÁúãÂÆå‰πãÂêéÂ•ΩÂñúÊ¨¢ÂïäÔºÅ‰∏ëËêå‰∏ëËêåÁöÑÔºåÂ•ΩÊÉ≥Âéª‰π∞‰∏™ÊØíÊ∂≤Âë®ËæπÂë¢
lk278933573,ÂìàÂ∞îÊª®,4.0,Êå∫Â•ΩÁöÑÔºåÂíåÊúãÂèã‰∏ÄËµ∑ÂéªÁöÑ
EHA929288052,ÈïøÊ≤ª,4.5,Âæà‰∏çÈîôÔºåÊØîÊº´Â®ÅÂÖ∂‰ªñÈ£éÊ†ºÁöÑÁîµÂΩ±‰∏çÂêåÔºåËôΩÁÑ∂‰πüÊòØÊêûÁ¨ëË∑ØÁ∫øÔºå‰ΩÜÊòØÂæàÈöèÂíåÔºå‰∏ªÊºî‰πüÂ§™‰ºöÊºî‰∫Ü„ÄÇ
EVA0798,Ê∑±Âú≥,4.0,ËøôÈÉ®ÁîµÂΩ±ÊÄª‰ΩìÊù•ËØ¥ËøòÊòØ‰∏çÈîôÁöÑÔºåÊàëÂíåÁî∑ÊúãÂèãÁúã‰∫ÜÊå∫ÂñúÊ¨¢ÁöÑ
gLE168270439,Ë¥µÈò≥,4.0,ÊúâË∂£„ÄÅÊúâÁà±Ôºå‰∏ÄÈÉ®‰∏çÈÇ£‰πàÊØíÊ∂≤ÁöÑÁîµÂΩ±ÔºåÂèØËÉΩ‰πüÂíåSonyÂÄü‰∏çÂà∞Âà´ÁöÑËã±ÈõÑÊúâÂÖ≥Ôºå‰ΩÜÊòØ‰πüÂÄºÂæó‰∏ÄÁúã
loS105824476,Âπ≥È°∂Â±±,4.0,Â∞±ÊòØÁúã‰∏™ÁÉ≠ÈóπÔºåÂΩ±Áâá‰πüÊúâÈÄªËæë‰∏çÈÄöÁöÑÂú∞Êñπ
stageÈ•≠‰∏Ä‰∏Ä,Âåó‰∫¨,5.0,ÂÇ≤Â®áÁöÑÂ∞èÂèØÁà±ÁúüÊòØÊàëÂ§ßÊº´Â®Å‰∏ÄË¥ØÁöÑÁîªÈ£éÂïä
ÊñáÈùì,Ê∑±Âú≥,4.5,Ëøò‰∏çÈîôÔºåÁúãÁöÑÊØîËæÉËøáÁòæÔºåÂ∞±ÊòØ‰∏çÁü•ÈÅìÁÇπÂú®Âì™
Ê∂ÇÊñáÊù∞,Ê∏©Â∑û,5.0,111111
sky49697868,Ê¥õÈò≥,5.0,ÂâßÊÉÖÂ∞±ÊòØÂ§ßÁâáÂ•óË∑ØÔºåÊï¥‰ΩìÊå∫Â•ΩÁöÑÔºå‰∏áËææ4DÂä®ÊÑüÂéÖÈÖçÂêàÁöÑ‰πü‰∏çÈîôüòù
Ëé´Èùûppd,ËäúÊπñ,5.0,Â•ΩÁúãÔºåÈùûÂ∏∏ÊêûÁ¨ë‰πüÂæàÊÑüÂä®
coG170899563,Ê≠¶Ê±â,4.0,ÁæéÂõΩ‰∫∫ÁöÑÊÉ≥Ë±°Âäõ‰∏∞ÂØå
mqG717445043,ÂêâÊûó,3.5,ÁîµÂΩ±Âæà‰∏çÈîô„ÄÇ
Êù®ÊôìÂ≥∞ÂÖàÁîü,ËØ∏Âüé,5.0,ÈùûÂ∏∏ÂÄºÂæóÁúãÁöÑ
xIP780608543,‰∏äÊµ∑,5.0,ÂºÄÂ§¥ËøòÂ•ΩÔºåÊúÄÂêéÂÉèÁúãÂä®ÁîªÁâáÊ≤°ÊúâÊÑèÊÄù
pZM158670375,Â∏∏Âæ∑,5.0,‰∏çÈîôÔºåÔºÅÔºÅÔºÅÔºÅÔºÅÔºÅÔºÅ
ÊàÄ‰∏ä‰∫ÜÂÅΩË£ù889,Âåó‰∫¨,5.0,Áúã‰∫Ü‰ø©ÈÅçÔºåÁ°ÆÂÆûÂ•ΩÁúã
Â∞è‰ª™Â≠êcat,Á¶èÂ∑û,5.0,ÊâìbossÈÇ£‰ºö‰ªì‰øÉ‰∫ÜÁÇπÔºå‰∏çËøáÊØíÊ∂≤Êú¨Ë∫´ÂΩ¢Ë±°ÂæàÂ•ΩÔºåËá™Â∏¶ÂçñËêåÂ±ûÊÄßÔºåÂèØÁà±Âæó‰∏çË¶Å‰∏çË¶ÅÁöÑÔºåÂâßÊÉÖËøòÊòØÊå∫Á¥ßÂáëÁöÑ„ÄÇ
ËôîËØöÁßÄ,Âåó‰∫¨,5.0,Á°ÆÂÆûËõÆÂ•ΩÁúã„ÄÇÂë®‰∏ÄÊôö‰∏äÊúÄÂêé‰∏ÄÂú∫ÔºåÂåÖÂú∫ÁúãÂÆåÔºåÂ•ΩÂèØÊÄï„ÄÇÂìàÂìà
ÂçÉÂØªÁÄëDL,ËÇ•Ë•øÂéø,4.5,ÊÄª‰ΩìÊêûÁ¨ëÁöÑ‰∏ÄÈÉ®
ÈÉ≠Ê¥ãÂÖàÁîü,Â§©Ê¥•,5.0,ËøòÂèØ‰ª•ÂêßÔºÅÁúã‰∏ÄÂçä
ÂÄ™Êô®solo,Ê∑±Âú≥,5.0,Â•≥ÊúãÂèãÂñúÊ¨¢Áúã„ÄÇ„ÄÇ
jlp‰∏É7,Â§™Âéü,3.5,È∫ªÁÉ¶Ê≠ª‰∫ÜÔºÅÔºå
aLD648441244,ËèèÊ≥Ω,4.0,ÊÑüËßâÂ∞ë‰∫ÜÁÇπ‰ªÄ‰πàÔºåÂΩ±ÁâáÊó∂Èó¥Â§™Áü≠‰∫Ü
‰∏ÉÊúà‰∏ä7706,Â∏∏Â∑û,5.0,„ÄÇ„ÄÇ„ÄÇ„ÄÇ„ÄÇ„ÄÇ„ÄÇ„ÄÇËøòË°å
USE217595169,Êµ∑ÂÆâ,5.0,Èô™Â≠©Â≠êÁúãÁöÑÔºåÁâπÊïà‰∏çÈîôÔºåÁü≠‰∫ÜÁÇπÔºåÂ§ñÂõΩÁâáÊòØ‰∏çÊòØÈÉΩË¥µËøáÂõΩ‰∫ßÁâáÔºåËøòÊòØÊàë‰ª¨ÈÉΩÂ¥áÊ¥ãÂ™öÂ§ñÔºåÊúüÂæÖ‰ºòÁßÄÂõΩ‰∫ßÁâáÔºÅ
Â∞èÊó∂ÂÄôÂèØÈªë‰∫Ü,Ê∑±Âú≥,0.5,ÈÉΩÊòØ‰ªÄ‰πàÈ¨ºÔºüÔºÅ
khG631474978,ÂçóÂÆÅ,5.0,‰ªÄ‰πàÂè´ÂÅöÂΩ©Ëõã
vKR394359030,ÊòÜÊòé,4.0,ÊïÖ‰∫ãÊÉÖËäÇËÄÅÂ•óÔºåÁæéÂõΩÂ§ßÁâáÁöÑÁâπÊäÄÔºåÈ©¨È©¨ËôéËôé
‰ª•Ê¢¶‰∏∫È©¨„ÄÇ,Â§ßËøû,4.5,Êº´Â®ÅÁöÑÁîµÂΩ±ÔºåÈÉΩÊáÇÂæóÔºåÁúã‰∏™ÁâπÊïàÂíåÊÉÖÊÄÄ
FrankÂê¥Êù∞,Ê∑±Âú≥,4.0,Ëøò‰∏çÈîôÔºåÊÉäÊÇöÈôÑÂ∏¶‰∫õÂπΩÈªò
CZ‰ªôÈÅì,‰∏¥Ê≤Ç,3.5,‰∏ÄËà¨ÊÉÖÂÜµ„ÄÇ„ÄÇ„ÄÇ„ÄÇ„ÄÇ„ÄÇ
VxL205788182,Èì∂Â∑ù,5.0,VenomÔºÅ
Â≤ë,ÂçóÂÆÅ,4.5,Ëøò‰∏çÈîôÔºå‰ΩÜ‰ºº‰πéÂà†Âáè‰∫ÜÂæàÂ§öÔºåÊó∂Èó¥Â•ΩÁü≠
_qq2w71376129594,Ê≤≥Ê±†,2.0,‰Ωú‰∏∫Êº´Â®ÅÂÆáÂÆôÁöÑÁîµÂΩ±..ÊàëÂè™ËÉΩËØ¥ÂæàÂ∑Æ‰∫Ü...‰∏ÄÂºÄÂßãËÆ©ÊàëËø∑‰∏äÊº´Â®ÅÁ≥ªÂàóÁöÑÂÖÉÁ¥†ÂæàÁÆÄÂçï..Âè∞ËØçÔºåÁâπÊïàÔºåÊïÖ‰∫ãÊÉÖËäÇ....ÂâçÈÉ®ÂàÜÈì∫Âû´ÂâßÊÉÖÁöÑÂêåÊó∂Á©øÊèíÂêÑÁßçÊÆµÂ≠êÔºåÈÄóË∂£‰∫ã‰ª∂..‰∏çÁü•ËßâÊääÂêéÂçäÈÉ®ÂàÜÈúáÊíºÁöÑÁâπÊïàÂä†Âçé‰∏ΩÁöÑÊàòÊñóÊääÂΩ±ÁâáÊé®ÂêëÈ´òÊΩÆ...ËøôÈÉ®ÊØíÊ∂≤‰∏çÁü•ÈÅìÊãçÁöÑ‰ªÄ‰πà‰∏úË•ø..ËôΩÁÑ∂‰πüÊúâËøô‰∏âÂ§ßË¶ÅÁ¥†..ÂèØÊòØÊÑüËßâÂæàÊï∑Ë°ç..ÂÉèÊòØË¢´Ââ™Ëøá‰∏ÄÊ†∑„ÄÅÊï¥ÈÉ®ÁîµÂΩ±Ê≤°Êúâ‰ª•ÂæÄÁöÑËäÇÂ•èÊÑü..‰π±‰∏ÉÂÖ´Á≥ü...ÁúãÂÆåÊàëÁîöËá≥ÈÉΩ‰∏ç‰∫ÜËß£‰∏ªËßíÊòØ‰ªÄ‰πàÊ†∑ÁöÑÊÄßÊ†ºÊúâÁùÄ‰ªÄ‰πàÊ†∑ÁöÑÂΩ¢ÂºèÈÄªËæë..‰∏ªËßíÂíåÊØíÊ∂≤ÁöÑËûçÂêà‰πüÊòØËé´ÂêçÂÖ∂Â¶ô..Ë∫´‰∏∫‰∏âËßÇÊ≠£ÁöÑ‰∏ªËßíÂíåË°å‰∫ãÊÆãÂøçÊ≤°ÊúâÈÅìÂæ∑ÁöÑÂ§ñÊòüÁîüÁâ©..Â∫îËØ•ÊòØ‰∏§Áßç‰∏çÂêåËßÇÂøµÁöÑÁ¢∞Êíû.ËÄå‰∏ªËßíËé´ÂêçÂÖ∂Â¶ôÁöÑÊé•Âèó‰∫ÜÊØíÊ∂≤..Â≠óÊï∞ÈôêÂà∂‰∏çÁªÜËØ¥..Êï¥ÈÉ®ÁâáÊó∂Èó¥Â§™Áü≠‰∫Ü..ÂæàÂ§öÂú∞ÊñπÈÉΩ‰∫§‰ª£ÁöÑ‰∏çÊ∏ÖÊ•ö..
zfx939732522,‰∏úËéû,4.0,ÂºÄÂ§¥ÁöÑ‰ªãÁªçÔºå‰∏≠Èó¥ÊòØÊúÄÊêûÁ¨ëÁöÑÔºåËøô‰πüÊòØ‰∏∫‰∫ÜÁªôËøô‰∏™ËØÖÂííÁöÑÈªëÊöóËã±ÈõÑÂÅö‰∫ÜÈì∫Âû´
ËâæmmmÁê™Áê™,Ê±üÈò¥,5.0,ËõÆÂ•ΩÁúãÁöÑÔºåÊå∫Âà∫ÊøÄÁöÑÔºå‰πüÊå∫ÂπΩÈªòÁöÑÔºåÊúüÂæÖÊúâ‰∏ã‰∏ÄÈÉ®ÔºåÁÇπ‰∏™Ëµû
@MissÁéãÓåù,ÂçóÂÖÖ,5.0,ÂæàÂÆåÁæéÁöÑÁªìÂ±Ä
TDDÔºöÈÄóÈÄóÈÄóÈÄóÈÄó,ÂêàËÇ•,5.0,ÊØíÊ∂≤‰πüÂ§™ÂèØÁà±‰∫ÜÂè≠ÔºåÁà±‰∏ä‰∫Ü
Á¨ëÁ¨ëÁöÑjason,Ê∑±Âú≥,5.0,ÊàëÊòØÊØíÊ∂≤  ÊàëË¶ÅÂáπÂá∏ÊúâËá¥
jJg866584595,ÊòÜÊòé,5.0,ÈùûÂ∏∏ÈùûÂ∏∏ÈùûÂ∏∏Â•ΩÁúã
WEIWEI24777,ËãèÂ∑û,5.0,Âπ¥Â∫¶Â•ΩÁúãÁîµÂΩ±Âïä Êé•Âú∞Ê∞îÁöÑË∂ÖÁ∫ßËã±ÈõÑÔºÅÔºÅ
VXK815887553,Êó†Èî°,5.0,Â•ΩÁúãÁéØÂ¢É‰πü‰∏çÈîô
OJB299290294,ÊôÆÂÆÅ,5.0,Â•ΩÁúãÔºåÂ•ΩÁúãÔºåÂ•ΩÁúã
ÂêÉÂñùÁé©‰πê‰∏Ä,Ë•ÑÈò≥,5.0,ÂßêÊ¨ßËØ∫Âì≠ÂíØÊë∏Êë∏Êë∏Êë∏Êë∏Êë∏Êë∏Êë∏Êë∏
Âä™ÂäõÂä™ÂäõÂêßÈ™öÂπ¥,Ê°ÇÊûó,4.5,ÊÑüËßâËøò‰∏çÈîôÂè¶Á±ªÁöÑËã±ÈõÑÔºåÂìàÂìàÂìà
‰Ω†ËØ¥Âë¢sir,Ëµ§Â≥∞,5.0,‰∏çÈîôÁöÑÔºåÂÄºÂæóÁúã
Âá∏Âí™Áî±Ë•øÂæä,ÂπøÂ∑û,5.0,Âà∫ÊøÄÔºåËàíÊúçÔºåÈùûÂ∏∏Â•ΩÁúã
